Team,Season,player_season_gp,player_season_minutes,player_season_pts,player_season_dreb,player_season_oreb,player_season_reb,player_season_asts,player_season_stl,player_season_blk,player_season_turnover,player_season_pf,player_season_fga,player_season_fgm,player_season_fta,player_season_ftm,player_season_tpa,player_season_tpm,player_career_gp,player_career_minutes,player_career_pts,player_career_dreb,player_career_oreb,player_career_reb,player_career_asts,player_career_stl,player_career_blk,player_career_turnover,player_career_pf,player_career_fga,player_career_fgm,player_career_fta,player_career_ftm,player_career_tpa,player_career_tpm
ATL,1985,47,1186,521,69,125,194,136,43,33,85,127,428,201,149,114,15,4,714,17071,7590,997,1972,2969,1788,606,436,1128,1783,6253,2947,2048,1588,358,107
ATL,1986,46,1114,519,70,122,192,110,43,27,76,114,427,205,140,102,21,6,706,16510,7353,1028,1992,3020,1553,603,458,1009,1716,6081,2885,1917,1459,402,124
ATL,1987,40,902,403,60,103,163,93,33,19,59,98,323,155,117,87,18,5,698,15653,6722,997,1954,2952,1428,532,444,967,1679,5512,2616,1788,1361,408,128
ATL,1988,42,1048,548,73,121,195,133,37,23,78,102,424,199,181,144,17,4,675,16064,7511,802,1657,2459,1877,639,327,1132,1635,6030,2834,2173,1697,481,144
ATL,1989,43,1095,525,74,123,197,121,40,23,75,100,413,197,157,124,21,6,603,14611,6655,806,1664,2471,1529,531,270,984,1432,5457,2577,1752,1357,434,142
ATL,1990,45,1155,551,82,137,220,111,44,23,73,99,427,205,168,133,26,7,572,14448,6806,881,1822,2703,1463,533,245,971,1348,5429,2568,2000,1541,409,127
ATL,1991,37,909,399,62,118,181,76,33,21,51,91,331,157,99,75,26,8,510,12581,5604,814,1550,2364,1177,508,237,788,1154,4640,2202,1470,1107,294,92
ATL,1992,49,1220,511,82,158,241,112,46,28,71,114,448,205,118,89,37,11,538,12343,5380,874,1629,2504,977,459,270,751,1173,4586,2107,1362,1014,463,151
ATL,1993,44,1258,555,86,153,239,127,50,29,79,113,459,218,135,102,47,16,676,16883,7204,1094,2085,3179,1621,678,354,1094,1534,6080,2826,1812,1352,617,199
ATL,1994,43,1223,464,84,152,236,123,49,25,69,109,395,184,106,77,51,17,617,15425,5757,987,1971,2958,1347,601,306,915,1474,4899,2249,1432,1038,651,220
ATL,1995,41,1221,498,69,134,204,136,46,24,79,102,410,185,136,103,71,24,572,14058,5422,774,1594,2369,1392,537,265,865,1275,4506,2045,1448,1086,715,245
ATL,1996,35,859,340,55,105,161,72,29,27,53,80,273,124,92,65,72,26,488,12636,4952,756,1644,2401,1121,447,339,774,1104,4066,1856,1340,996,699,243
ATL,1997,36,996,384,63,118,181,80,33,27,58,85,309,139,100,75,81,29,493,12636,4814,795,1731,2526,1062,434,366,769,1148,3953,1809,1345,997,580,197
ATL,1998,39,1185,466,69,135,205,96,37,29,65,95,385,171,124,93,89,30,599,15822,5822,1012,2117,3130,1271,533,473,923,1493,4793,2191,1633,1194,731,246
ATL,1999,33,918,349,58,116,175,70,21,24,56,80,300,130,103,76,39,12,490,13288,5213,741,1763,2504,1108,349,366,848,1171,4415,1976,1387,1034,662,227
ATL,2000,37,863,314,53,112,165,77,25,21,55,74,271,117,95,69,35,10,343,8478,3184,464,1135,1600,782,264,228,540,743,2691,1202,862,629,429,150
ATL,2001,49,1089,431,59,133,192,88,32,26,74,100,361,160,125,94,46,15,361,8346,3306,443,1067,1510,668,254,214,531,756,2714,1231,955,714,372,128
ATL,2002,44,1126,487,59,139,199,86,36,26,76,100,409,185,125,96,58,20,300,7205,2980,372,904,1277,515,219,195,473,655,2474,1123,803,611,349,121
ATL,2003,44,1116,456,55,142,198,91,35,28,65,99,374,172,114,86,68,25,334,8449,3417,409,1088,1497,647,254,233,511,763,2806,1288,901,671,466,168
BOS,1985,44,1212,592,85,161,247,132,35,30,83,109,469,234,147,117,14,4,708,19185,9288,1165,2845,4010,2033,618,549,1240,1774,7494,3718,2187,1712,406,139
BOS,1986,42,1043,508,71,134,205,119,32,25,71,93,395,200,128,101,16,5,648,16774,7998,1004,2429,3433,1773,535,467,1088,1563,6435,3191,1908,1495,349,119
BOS,1987,42,1126,538,70,129,200,134,34,27,74,97,403,208,139,111,27,9,690,18194,8697,962,2536,3684,1860,581,557,1196,1678,6881,3449,2110,1644,451,153
BOS,1988,46,1355,650,87,163,250,156,39,31,84,113,493,253,158,129,41,15,716,18651,8852,1056,2457,3514,1925,632,472,1181,1698,7146,3528,2059,1616,532,178
BOS,1989,39,1082,514,66,134,200,122,33,24,72,91,399,200,134,108,20,6,709,19056,9279,1148,2709,3857,1972,642,535,1245,1656,7385,3690,2263,1800,325,97
BOS,1990,34,846,422,60,123,183,79,22,22,55,78,326,165,109,88,12,3,581,14826,7102,949,2319,3269,1379,461,461,960,1366,5640,2824,1663,1317,404,136
BOS,1991,39,989,456,56,118,175,123,32,22,66,83,359,181,110,88,17,4,686,17338,7667,957,2359,3316,2029,605,424,1161,1555,6211,3042,1803,1408,527,174
BOS,1992,39,966,435,66,116,183,84,30,22,57,90,352,177,99,77,9,2,625,15316,6697,982,2060,3042,1409,479,414,989,1488,5419,2685,1598,1206,376,120
BOS,1993,39,925,390,59,109,169,84,31,18,55,90,321,158,87,67,16,4,490,12163,5433,770,1640,2410,1101,417,302,808,1175,4399,2169,1312,968,377,126
BOS,1994,53,1401,646,72,145,217,157,52,24,92,126,536,251,165,126,54,17,512,13993,6365,708,1438,2147,1502,520,222,927,1264,5305,2464,1586,1207,682,229
BOS,1995,53,1434,608,63,147,211,161,54,28,91,139,495,231,151,114,83,30,439,10807,4262,478,1172,1650,1154,385,234,692,1106,3549,1615,1077,784,686,246
BOS,1996,50,1243,533,59,138,198,119,43,23,79,127,422,197,134,101,92,35,482,12021,5006,591,1455,2046,1151,430,261,803,1228,4182,1892,1259,918,858,304
BOS,1997,43,1065,418,57,111,169,119,36,21,65,104,351,158,105,76,68,24,422,10404,4127,423,1095,1518,1146,385,171,635,942,3591,1561,953,709,819,294
BOS,1998,50,1227,493,86,145,231,102,50,22,79,133,436,192,123,88,62,21,488,12094,4854,562,1478,2041,1180,429,191,731,1114,4223,1839,1145,845,917,329
BOS,1999,47,1235,504,79,157,236,98,45,24,82,134,438,193,133,93,65,22,513,12997,5382,600,1629,2230,1271,467,209,826,1242,4578,2019,1387,1034,885,309
BOS,2000,46,1058,411,54,121,176,99,42,17,68,107,357,154,112,81,63,20,470,11024,4292,474,1293,1768,1122,429,167,710,1033,3702,1586,1183,884,704,235
BOS,2001,59,1514,653,75,182,258,133,61,26,97,155,559,242,172,127,118,41,529,13219,5458,591,1616,2208,1291,526,219,873,1298,4720,2028,1441,1058,1011,343
BOS,2002,41,954,398,51,116,168,73,33,19,58,92,337,144,108,80,81,28,479,11970,4792,665,1550,2216,955,411,223,741,1197,4040,1789,1360,985,693,228
BOS,2003,40,992,394,57,116,173,69,32,25,55,100,332,145,101,75,81,28,388,9364,3855,441,1168,1610,744,301,225,564,905,3184,1430,1024,749,677,245
CHI,1985,46,1163,554,57,115,173,117,38,21,82,111,438,217,145,115,14,3,607,15494,7264,842,1948,2798,1542,557,291,1015,1472,5852,2838,1896,1491,316,97
CHI,1986,40,859,341,55,98,153,94,35,13,58,94,275,134,93,69,11,2,582,13768,5718,824,1807,2631,1443,522,258,841,1364,4680,2261,1451,1119,244,74
CHI,1987,39,949,400,55,110,166,109,33,19,63,93,326,157,107,82,12,3,719,19948,8538,1059,2689,3947,2291,768,441,1263,1759,6978,3398,2091,1592,477,149
CHI,1988,41,1058,498,59,106,166,111,38,25,62,98,391,190,136,109,23,7,637,15678,7029,926,2046,2973,1595,574,355,944,1412,5632,2752,1781,1360,489,163
CHI,1989,35,893,435,59,100,159,95,37,18,58,91,331,167,120,93,23,7,656,16700,7665,917,2088,3006,1752,634,334,992,1455,6096,2995,1922,1468,594,206
CHI,1990,45,1257,576,81,134,216,127,51,25,78,121,454,223,149,115,39,13,811,21231,9629,1245,2671,3916,2120,806,472,1249,1923,7668,3767,2448,1861,698,242
CHI,1991,47,1152,500,68,113,182,125,45,21,65,104,403,199,116,88,35,12,714,18133,7978,997,2155,3152,1916,681,371,1076,1656,6441,3146,1968,1493,582,198
CHI,1992,45,1114,479,75,129,205,129,41,23,60,94,380,192,115,86,25,8,637,16635,7278,961,2132,3093,1790,642,340,976,1471,5831,2852,1852,1405,506,174
CHI,1993,45,1021,383,77,113,191,104,32,25,54,95,314,155,93,66,20,7,681,15648,5912,921,2017,2939,1499,508,341,894,1485,4835,2333,1447,1054,552,197
CHI,1994,41,998,456,54,107,161,112,43,19,65,86,383,180,107,80,45,15,685,15614,7033,780,1889,2670,1732,652,316,1011,1407,5762,2713,1769,1338,772,267
CHI,1995,39,899,352,66,126,192,88,37,18,57,90,290,136,90,65,41,14,771,18910,8380,1158,2559,3717,1892,745,438,1227,1844,6782,3229,2261,1663,767,258
CHI,1996,43,984,413,72,125,197,93,38,18,60,94,330,158,101,74,57,21,755,19414,8820,1296,2887,4184,1900,785,493,1288,1759,7113,3453,2240,1656,766,258
CHI,1997,44,982,411,70,113,183,99,36,16,54,89,335,156,95,71,71,26,642,15350,6629,931,2091,3023,1603,645,307,980,1407,5458,2563,1676,1250,742,251
CHI,1998,36,669,226,40,62,103,64,26,12,32,68,194,87,56,40,34,11,420,9012,3314,446,1031,1477,873,354,206,550,914,2806,1263,853,620,490,167
CHI,1999,34,758,268,33,76,109,70,28,7,41,65,232,97,68,51,64,21,408,9610,3842,393,1036,1430,978,374,151,588,839,3147,1403,1019,774,726,260
CHI,2000,41,969,407,53,108,161,69,32,20,63,87,356,154,116,84,43,13,248,6076,2440,295,808,1103,499,209,135,349,552,2064,913,685,512,293,100
CHI,2001,46,1316,515,43,143,187,139,44,16,74,110,456,202,110,89,60,22,408,10615,3972,486,1417,1904,982,337,147,661,998,3394,1523,1007,773,438,151
CHI,2002,46,1074,420,54,137,192,87,32,23,62,96,359,163,102,75,50,17,343,7840,3023,341,1054,1396,661,237,173,470,740,2579,1149,760,559,467,164
CHI,2003,46,1145,448,69,151,221,90,35,25,72,109,383,172,122,88,42,14,389,10212,4169,554,1402,1957,952,384,228,656,941,3530,1592,1123,811,514,173
CHA,1985,0,0,0,0,0,0,0,0,0,0,0,0,0,0,0,0,0,0,0,0,0,0,0,0,0,0,0,0,0,0,0,0,0,0
CHA,1986,0,0,0,0,0,0,0,0,0,0,0,0,0,0,0,0,0,0,0,0,0,0,0,0,0,0,0,0,0,0,0,0,0,0
CHA,1987,0,0,0,0,0,0,0,0,0,0,0,0,0,0,0,0,0,0,0,0,0,0,0,0,0,0,0,0,0,0,0,0,0,0
CHA,1988,42,714,251,37,73,110,89,29,9,44,74,222,99,61,47,18,5,556,12468,4878,564,1303,1868,1543,496,154,758,1158,4197,1935,1108,848,442,158
CHA,1989,39,737,314,42,84,127,79,27,8,48,74,275,126,72,55,19,6,506,11556,4809,557,1300,1857,1255,443,154,715,1091,4027,1879,1167,912,392,138
CHA,1990,47,1148,523,60,131,191,105,39,18,70,110,445,206,126,99,37,11,606,14631,6383,745,1638,2384,1285,521,235,883,1332,5312,2454,1639,1280,552,193
CHA,1991,56,1316,555,71,146,217,134,49,22,78,125,473,219,140,106,31,9,557,13213,5528,636,1428,2064,1275,479,194,773,1196,4642,2132,1370,1061,579,202
CHA,1992,60,1547,658,88,186,275,161,62,23,94,146,560,264,160,122,22,6,679,16673,6976,928,2068,2997,1453,568,373,1017,1579,5727,2679,1891,1431,540,187
CHA,1993,45,1138,535,60,124,185,130,42,18,75,100,431,207,135,106,40,14,616,15171,6733,770,1719,2490,1409,523,299,950,1391,5420,2562,1732,1351,709,257
CHA,1994,51,1415,620,76,179,256,163,48,31,89,116,493,236,162,126,59,20,599,15433,6776,824,2018,2843,1562,561,382,973,1346,5408,2590,1713,1310,784,284
CHA,1995,46,1209,518,51,122,174,155,46,14,73,102,433,198,117,91,82,30,550,14074,6125,683,1637,2321,1564,525,229,851,1220,5157,2376,1393,1079,813,293
CHA,1996,44,1127,464,60,138,199,99,34,19,65,111,360,174,118,90,66,25,638,15837,6934,796,1975,2771,1476,526,253,949,1488,5616,2627,1817,1415,725,264
CHA,1997,43,1307,555,54,142,197,137,43,18,79,106,434,203,139,107,104,41,601,16101,6568,660,1796,2457,1731,581,210,939,1344,5455,2491,1605,1219,1001,365
CHA,1998,39,982,386,44,100,144,91,36,18,59,87,318,140,103,78,71,25,555,14441,6088,655,1797,2452,1249,471,298,866,1326,5043,2284,1590,1208,853,311
CHA,1999,40,1073,423,47,122,169,95,36,19,62,84,338,154,120,89,68,26,519,14657,6284,674,1809,2484,1299,488,288,843,1214,5098,2334,1688,1269,941,347
CHA,2000,37,994,381,48,125,174,89,33,21,58,93,320,144,96,73,55,19,561,16098,6749,870,2160,3031,1394,523,352,986,1410,5457,2501,1924,1452,831,295
CHA,2001,43,1153,417,66,136,202,108,39,23,63,107,362,157,109,79,61,22,547,13840,5306,753,1722,2475,1175,488,325,783,1272,4523,2001,1453,1060,693,242
CHA,2002,0,0,0,0,0,0,0,0,0,0,0,0,0,0,0,0,0,0,0,0,0,0,0,0,0,0,0,0,0,0,0,0,0,0
CHA,2003,0,0,0,0,0,0,0,0,0,0,0,0,0,0,0,0,0,0,0,0,0,0,0,0,0,0,0,0,0,0,0,0,0,0
CLE,1985,41,1022,447,55,104,160,132,33,21,77,111,371,174,124,94,13,3,557,13555,6008,729,1420,2149,1389,440,325,931,1423,4951,2361,1661,1245,145,39
CLE,1986,40,863,328,60,117,177,96,30,19,63,102,269,131,87,64,6,1,682,17313,6990,964,2070,3034,1723,634,416,1115,1649,5600,2666,1939,1453,605,205
CLE,1987,47,1081,501,75,145,221,92,40,34,81,118,397,197,148,104,13,3,685,17749,7601,1063,2293,3356,1823,655,505,1130,1647,6076,2938,2032,1512,597,212
CLE,1988,49,1332,577,81,161,243,141,51,39,94,122,461,223,170,124,19,5,739,19088,7802,1231,2584,3816,1888,700,697,1202,1827,6257,3017,2173,1590,517,176
CLE,1989,40,975,429,58,120,179,102,35,31,65,90,336,164,121,91,25,8,621,14984,5965,917,1995,2912,1367,502,562,872,1417,4826,2313,1553,1142,544,195
CLE,1990,37,986,443,52,111,164,112,33,23,61,73,349,167,120,92,37,15,541,13192,5694,626,1494,2121,1401,446,322,786,1087,4542,2191,1419,1100,546,211
CLE,1991,44,1154,503,61,130,191,126,35,25,69,97,408,194,129,99,39,15,592,14490,6179,656,1636,2293,1569,479,338,830,1180,4967,2388,1479,1150,651,252
CLE,1992,42,1145,510,70,130,200,128,36,30,65,94,412,198,128,100,34,11,672,17281,7490,790,1892,2683,1929,591,385,1017,1381,6083,2908,1776,1369,797,303
CLE,1993,38,972,437,61,121,183,106,28,29,53,83,339,167,116,93,29,10,550,14797,6369,759,1804,2564,1486,466,347,866,1266,5096,2433,1670,1283,600,218
CLE,1994,38,842,327,54,103,158,85,29,17,46,80,265,125,86,65,27,10,627,15037,5885,849,1797,2646,1404,510,280,840,1364,4807,2249,1539,1179,560,206
CLE,1995,38,949,353,53,100,154,77,32,14,46,81,296,132,89,66,60,22,504,12382,4451,671,1540,2212,1094,433,181,646,1113,3704,1671,1158,851,713,256
CLE,1996,36,959,383,44,98,142,81,31,16,51,90,311,143,95,72,63,24,486,11095,4038,614,1447,2061,931,350,240,643,1195,3335,1544,1076,768,504,181
CLE,1997,39,881,383,49,98,147,67,28,16,59,85,302,138,105,76,78,29,459,10241,4156,505,1241,1747,953,370,208,668,1021,3400,1530,1157,873,602,221
CLE,1998,44,1060,405,62,119,182,83,40,20,69,113,322,147,124,91,48,18,530,11994,4772,631,1416,2047,1000,427,243,766,1277,3856,1753,1384,1048,604,217
CLE,1999,40,991,355,50,114,164,85,41,17,62,97,296,132,100,74,43,16,446,10151,3998,544,1351,1896,925,356,247,674,1039,3282,1500,1105,827,460,168
CLE,2000,35,808,301,34,89,124,79,28,10,50,75,264,115,77,58,33,11,482,12017,4738,602,1470,2072,1077,397,219,750,1099,3991,1810,1260,947,482,170
CLE,2001,49,1150,429,64,139,203,96,35,17,66,111,373,165,107,82,46,16,456,11360,4367,588,1421,2009,928,358,222,657,1044,3660,1646,1169,881,543,193
CLE,2002,45,945,328,63,129,193,58,24,28,58,95,284,128,95,66,19,5,355,8193,3014,502,1148,1650,654,245,212,525,852,2539,1159,877,625,229,70
CLE,2003,44,992,361,57,115,172,76,28,24,57,96,314,138,101,74,31,9,282,6293,2394,321,792,1113,494,182,166,370,619,2044,920,672,489,198,64
DAL,1985,43,1218,561,71,142,213,123,32,25,77,107,436,219,149,116,18,5,776,20804,9624,1024,2363,3388,1994,591,353,1231,1832,7562,3659,2495,1948,980,358
DAL,1986,44,1252,593,68,140,208,135,37,23,79,104,453,229,161,126,23,7,702,18888,8580,941,2234,3176,1946,561,334,1144,1662,6708,3251,2321,1820,742,256
DAL,1987,39,1022,484,63,125,188,109,32,21,63,91,366,183,138,108,24,8,748,19882,9002,990,2371,3362,2068,591,350,1208,1745,7014,3402,2445,1917,802,279
DAL,1988,41,1110,525,74,131,205,101,34,25,66,98,408,199,151,118,24,7,764,20441,9561,1089,2495,3584,1955,608,459,1272,1797,7435,3640,2636,2060,635,218
DAL,1989,40,1157,495,72,138,211,110,36,27,68,97,393,188,137,110,27,8,624,16506,7452,850,1971,2821,1552,500,367,989,1433,5794,2837,2043,1608,495,169
DAL,1990,40,1168,536,61,141,203,139,41,19,69,85,448,214,122,96,32,10,596,16766,7624,889,1976,2865,1974,561,376,1058,1357,6240,3042,1813,1412,386,126
DAL,1991,50,1374,551,68,166,234,150,45,23,79,118,459,218,134,101,39,12,514,13723,5535,681,1625,2306,1589,461,289,830,1162,4563,2180,1383,1052,366,121
DAL,1992,43,990,404,59,113,173,100,35,12,61,108,349,154,113,81,44,15,297,6922,2734,319,695,1015,734,243,93,441,672,2354,1045,668,499,402,144
DAL,1993,42,963,398,67,119,186,77,29,17,63,108,355,157,107,75,28,8,529,12567,5041,665,1420,2086,1285,456,166,758,1173,4408,1957,1219,914,607,211
DAL,1994,46,1028,407,65,116,181,95,35,13,75,108,374,162,95,70,41,12,502,12464,4906,666,1558,2225,1430,439,150,815,1069,4358,1856,1142,872,921,320
DAL,1995,57,1327,547,96,146,242,124,39,17,90,123,473,208,147,108,71,22,496,11727,4498,621,1427,2048,1292,390,139,738,1022,3955,1686,1096,828,856,298
DAL,1996,43,1169,497,66,128,195,124,38,21,81,106,403,182,139,101,91,31,508,13017,5365,629,1554,2183,1459,455,247,863,1145,4497,2018,1393,1055,791,272
DAL,1997,35,907,360,47,99,147,68,27,11,50,72,294,133,87,66,75,26,467,11233,4463,604,1457,2062,844,342,254,612,973,3731,1697,1105,838,621,230
DAL,1998,42,1102,403,66,140,206,86,33,25,62,91,351,157,101,74,46,15,601,15726,6618,887,2132,3020,1310,460,420,877,1277,5337,2483,1764,1358,787,292
DAL,1999,36,938,347,58,119,177,81,27,20,55,79,306,132,88,64,49,17,482,12163,4941,706,1707,2414,1128,344,273,717,1055,4038,1866,1218,930,744,278
DAL,2000,41,1078,427,50,124,174,93,29,20,62,106,369,165,96,74,60,22,516,13101,5513,620,1698,2319,1148,389,275,779,1238,4593,2106,1329,1035,732,265
DAL,2001,45,1203,494,53,140,193,126,35,32,64,112,413,185,118,93,81,29,525,14028,5987,531,1508,2040,1609,461,324,825,1243,4946,2260,1456,1140,906,325
DAL,2002,40,1057,448,52,133,185,106,28,27,54,91,368,167,104,82,81,30,461,12390,5092,515,1483,1998,1445,375,299,705,1048,4314,1932,1158,899,889,327
DAL,2003,44,1335,625,75,172,247,125,40,22,74,106,521,230,145,118,124,45,490,13481,6023,712,1873,2585,1234,432,325,792,1210,5109,2285,1466,1127,940,333
DEN,1985,42,1030,471,73,109,182,126,43,21,70,115,378,185,123,97,13,3,640,15104,6704,1061,1943,3005,1539,573,359,951,1650,5609,2679,1661,1305,147,40
DEN,1986,46,1182,580,83,124,208,139,52,25,83,128,477,227,155,121,16,4,648,15403,6865,1089,1984,3073,1611,602,368,991,1672,5750,2734,1740,1355,158,41
DEN,1987,36,881,428,57,100,158,98,34,17,55,94,359,167,112,89,17,4,596,14783,6853,997,1862,2859,1566,567,322,952,1539,5704,2697,1732,1365,306,93
DEN,1988,38,1006,508,63,121,184,120,37,18,61,99,422,200,125,100,23,6,654,16606,8088,1058,2107,3166,1844,631,354,1141,1717,6730,3218,1968,1560,307,91
DEN,1989,39,1015,509,59,119,179,119,41,16,62,96,422,199,123,99,33,11,614,15607,7614,955,1843,2798,1783,649,305,1071,1557,6320,3015,1868,1483,323,99
DEN,1990,36,681,310,40,76,117,62,26,13,42,73,263,121,80,57,29,9,509,12402,5303,631,1397,2029,1332,448,176,759,1149,4446,2097,1286,968,427,140
DEN,1991,41,766,330,55,91,147,66,30,12,48,92,306,136,73,52,21,5,465,10524,4565,645,1399,2044,918,368,327,709,1081,3878,1823,1123,834,276,83
DEN,1992,55,1172,536,71,121,192,90,47,25,80,126,491,216,120,90,41,12,448,10281,4096,607,1385,1992,806,319,333,650,1023,3449,1554,1154,868,377,119
DEN,1993,56,1373,618,89,168,258,116,50,41,98,139,535,243,161,120,35,10,406,9811,4023,588,1327,1916,763,315,309,649,989,3378,1536,1101,812,427,138
DEN,1994,45,1229,531,73,144,218,105,39,38,79,113,435,204,141,104,50,17,575,14344,6154,796,1781,2578,1139,431,371,917,1392,5052,2340,1588,1185,806,287
DEN,1995,41,1082,444,57,125,182,88,31,31,64,96,359,168,118,88,53,18,494,12526,5511,671,1590,2262,937,342,347,769,1145,4551,2106,1417,1061,671,238
DEN,1996,40,893,342,40,85,126,95,29,12,56,85,274,124,90,70,62,23,544,13082,5389,646,1452,2098,1415,437,229,829,1225,4357,2050,1374,1053,650,234
DEN,1997,49,1111,434,52,111,163,83,34,14,63,117,351,156,129,98,62,22,400,8843,3332,466,1021,1488,589,294,144,490,961,2743,1218,975,753,427,142
DEN,1998,44,1122,468,56,108,165,104,35,22,74,107,395,172,130,97,71,25,362,9198,3730,434,1124,1558,870,271,199,552,873,3089,1362,1033,781,627,222
DEN,1999,32,859,356,40,86,126,73,31,16,49,75,313,135,87,65,60,20,429,10980,4473,529,1346,1875,1007,348,235,641,1003,3818,1677,1097,833,811,284
DEN,2000,42,1051,423,57,131,188,87,30,27,60,105,364,160,104,77,71,25,497,12360,5092,669,1607,2277,1021,369,245,729,1166,4381,1964,1167,859,853,304
DEN,2001,47,1232,505,64,146,211,112,36,22,74,119,438,192,117,87,94,33,450,11827,5075,545,1402,1947,1128,384,189,745,1112,4374,1955,1164,875,843,296
DEN,2002,36,773,263,46,97,144,63,26,17,39,80,223,98,67,51,43,15,288,6119,2255,338,822,1161,479,200,145,374,653,1914,863,605,448,234,78
DEN,2003,51,1096,403,54,115,169,126,41,21,67,96,351,150,106,80,65,22,318,6844,2634,324,812,1137,687,248,173,402,644,2233,981,697,531,395,139
DET,1985,38,1006,468,70,128,199,119,35,20,67,109,387,186,119,93,8,2,656,17474,7962,938,1993,2931,1947,583,293,1201,1640,6678,3136,1963,1545,434,144
DET,1986,37,1013,502,72,133,205,125,33,20,73,111,398,194,141,110,9,2,663,18389,8057,1245,2486,3732,1865,544,361,1211,1804,6391,3091,2273,1752,378,122
DET,1987,38,1019,513,68,119,187,120,32,19,74,110,396,197,149,114,9,2,689,19042,8614,1252,2645,3898,1894,524,424,1291,1964,6717,3307,2483,1880,363,119
DET,1988,44,1207,594,81,124,206,125,38,21,80,117,478,231,162,125,21,6,728,20340,9682,1274,2616,3891,2081,604,396,1411,2040,7640,3734,2709,2076,428,137
DET,1989,43,1094,488,79,122,201,116,32,22,73,111,398,191,129,97,26,8,744,20130,8937,1291,2640,3932,2224,588,382,1370,2026,7293,3478,2407,1809,523,171
DET,1990,42,1054,451,72,116,189,105,28,22,66,106,367,175,117,90,29,9,834,21819,9651,1377,2747,4124,2286,649,523,1452,2218,7944,3797,2484,1876,548,179
DET,1991,42,1144,473,83,143,226,126,33,23,68,107,384,181,130,100,29,9,648,18032,7979,1104,2216,3320,2146,578,318,1256,1693,6458,3082,2187,1648,511,165
DET,1992,44,1220,506,88,150,239,124,42,15,73,105,430,200,127,95,35,10,642,18441,8183,1240,2453,3694,2116,648,285,1278,1718,6660,3195,2157,1598,585,192
DET,1993,54,1399,572,84,149,234,119,45,21,80,123,498,225,138,106,43,14,593,15647,6387,815,1870,2686,1475,484,284,927,1469,5364,2459,1529,1162,834,306
DET,1994,49,1090,450,54,112,166,105,34,29,72,116,389,178,102,76,48,16,490,12219,5121,473,1276,1750,1217,378,224,775,1126,4237,1949,1248,957,713,265
DET,1995,54,1441,627,77,171,249,126,44,25,95,143,515,241,154,112,91,32,622,16384,6728,778,1949,2728,1293,443,367,986,1599,5355,2545,1807,1350,764,286
DET,1996,40,1099,439,57,127,185,102,36,15,67,95,348,160,124,94,65,24,710,18789,7156,968,2312,3281,1637,624,342,1113,1737,5694,2703,2018,1509,661,240
DET,1997,38,1059,426,51,117,169,88,35,20,65,90,343,153,127,95,66,23,599,15631,6054,801,1933,2734,1293,541,359,956,1474,4896,2237,1790,1359,642,220
DET,1998,43,1151,482,57,132,189,101,38,17,72,95,393,177,137,103,68,23,462,11505,4858,559,1355,1915,1078,402,180,747,1035,3943,1801,1375,1057,569,197
DET,1999,32,761,283,36,84,121,66,28,12,45,72,231,102,89,68,31,9,529,12283,4929,630,1612,2243,1020,417,209,754,1200,4020,1828,1406,1075,579,196
DET,2000,34,768,302,51,93,144,50,23,16,45,76,247,112,90,67,30,10,511,11979,4834,703,1524,2227,881,374,258,717,1096,3968,1821,1367,996,556,194
DET,2001,51,1254,544,55,128,184,116,38,25,81,107,447,197,152,114,97,34,503,12344,5122,486,1345,1831,1106,407,281,751,1068,4228,1884,1366,1007,950,345
DET,2002,45,1134,437,46,131,177,97,35,28,63,108,368,166,104,76,72,27,540,13610,5574,578,1517,2096,1127,441,325,788,1287,4588,2100,1448,1070,815,302
DET,2003,43,1084,441,57,134,192,86,32,28,59,97,364,162,120,90,75,27,476,12237,4841,527,1485,2013,1036,383,315,692,1098,4046,1813,1284,930,779,283
GSW,1985,57,1553,715,101,164,266,144,58,21,105,146,599,287,177,134,22,6,580,14914,6838,903,1737,2641,1528,581,235,1025,1396,5681,2722,1644,1277,342,115
GSW,1986,58,1595,767,109,190,299,132,58,26,108,160,632,301,200,153,32,9,555,14362,6751,913,1762,2676,1269,518,251,961,1388,5571,2664,1637,1282,409,139
GSW,1987,41,965,456,68,120,188,100,34,21,72,105,372,178,125,94,14,4,428,10348,4589,697,1353,2050,963,372,230,730,1075,3762,1794,1197,911,267,89
GSW,1988,40,879,354,57,107,164,67,27,27,53,103,295,141,90,69,10,3,502,12578,5634,704,1497,2201,1090,444,312,834,1264,4619,2156,1393,1088,657,233
GSW,1989,43,988,441,63,123,186,89,33,40,68,110,359,171,116,91,21,6,502,12679,6000,600,1413,2014,1345,455,356,885,1219,4811,2275,1544,1206,675,242
GSW,1990,43,1069,552,66,135,202,103,38,25,82,113,417,204,162,129,40,13,532,13096,5882,671,1581,2253,1272,447,272,914,1381,4535,2169,1664,1269,749,273
GSW,1991,39,882,413,56,105,161,91,35,18,60,96,309,152,123,95,34,11,568,13073,5437,773,1684,2457,1170,445,287,858,1378,4283,2053,1503,1104,637,225
GSW,1992,36,856,412,51,94,146,96,37,15,59,85,322,159,110,83,31,10,484,11962,5212,642,1471,2114,1269,455,235,844,1149,4177,1971,1427,1049,635,220
GSW,1993,46,1076,489,63,116,180,101,41,23,72,100,391,194,123,90,29,10,456,11819,5389,558,1361,1919,1309,451,220,806,953,4447,2111,1351,990,523,177
GSW,1994,47,1236,588,68,158,227,119,47,28,86,107,472,222,157,118,70,24,541,14422,6682,728,1769,2497,1336,509,378,962,1248,5377,2502,1770,1363,899,312
GSW,1995,45,1247,550,72,150,222,119,45,23,81,111,447,208,145,107,73,25,691,18348,8132,1068,2375,3444,1720,667,359,1199,1695,6690,3100,2111,1595,959,336
GSW,1996,45,1173,477,57,120,177,113,38,22,74,99,380,171,136,105,83,30,521,13413,5737,637,1476,2113,1348,468,249,835,1148,4651,2139,1474,1171,794,288
GSW,1997,50,1186,478,69,133,202,113,34,23,79,101,395,175,133,102,69,24,548,13769,5176,729,1637,2367,1375,432,282,836,1188,4469,1984,1338,1005,595,201
GSW,1998,43,979,364,59,114,174,80,29,19,57,99,316,137,90,65,67,23,682,17264,7013,1043,2136,3179,1637,574,368,999,1688,6055,2736,1758,1272,808,268
GSW,1999,34,826,312,53,103,157,66,29,15,50,80,287,119,75,52,62,20,410,10623,4554,636,1338,1975,967,386,217,650,989,3975,1763,1087,777,727,250
GSW,2000,37,802,292,50,97,148,72,28,13,48,79,261,112,73,51,46,15,419,10325,4141,558,1257,1815,984,383,202,626,922,3479,1580,1068,801,527,177
GSW,2001,47,1224,478,76,152,229,112,44,30,77,109,441,187,121,83,65,20,413,11473,4624,633,1496,2129,1128,427,251,721,1007,4018,1741,1230,895,739,245
GSW,2002,55,1350,553,92,170,263,102,37,36,86,120,490,208,155,110,77,25,312,8090,3318,477,1123,1600,646,231,183,494,755,2790,1224,952,698,501,171
GSW,2003,47,1118,408,59,120,180,97,31,29,61,101,370,158,92,66,68,23,425,11139,4297,512,1263,1776,1171,337,249,640,985,3777,1665,1045,741,652,224
HOU,1985,47,1121,533,77,137,214,130,40,34,88,120,441,218,131,93,12,2,600,15787,7124,931,2115,3047,1868,652,513,1116,1504,5964,2868,1758,1293,309,94
HOU,1986,45,1152,542,94,141,236,113,40,34,83,120,433,216,149,107,9,2,526,13558,6266,920,1947,2868,1303,512,466,981,1388,5068,2483,1694,1261,149,38
HOU,1987,43,1217,605,84,145,230,143,43,34,89,115,479,230,178,136,22,7,673,18529,9043,1113,2349,3463,1989,717,535,1357,1765,7358,3516,2537,1922,299,86
HOU,1988,37,1022,521,63,117,181,110,38,24,73,102,408,199,152,117,17,4,603,15946,7865,949,1984,2934,1665,612,424,1189,1591,6332,3093,2144,1605,270,74
HOU,1989,39,1032,483,71,138,210,107,40,25,76,100,388,187,135,101,26,7,605,16029,7314,1011,2091,3103,1705,611,399,1140,1543,5935,2874,1951,1422,464,142
HOU,1990,41,1198,524,74,156,231,138,47,32,89,111,426,205,140,101,35,11,637,16597,7556,1040,2226,3266,1618,601,432,1163,1590,6085,2931,1989,1454,706,237
HOU,1991,33,860,373,54,110,164,96,33,23,61,79,308,147,95,69,32,10,678,17505,7317,1047,2283,3331,1894,618,538,1200,1669,5905,2866,1908,1377,620,208
HOU,1992,51,1206,546,63,134,198,136,45,27,81,108,453,212,133,101,61,20,756,19016,8141,1073,2511,3585,1911,691,636,1272,1828,6611,3148,2090,1548,868,296
HOU,1993,48,1293,574,73,157,230,139,45,36,83,107,447,219,140,107,76,27,619,15979,6989,862,2109,2971,1665,582,439,1079,1475,5574,2662,1822,1352,900,312
HOU,1994,43,1129,479,73,133,207,116,39,30,70,97,384,183,119,90,63,22,705,17963,7964,1017,2312,3330,1891,690,505,1197,1693,6370,3033,2068,1553,999,343
HOU,1995,37,946,425,61,104,166,104,35,28,58,85,334,158,104,81,71,26,543,13472,5902,748,1697,2446,1448,540,427,879,1294,4746,2244,1499,1152,744,261
HOU,1996,33,948,493,63,131,194,102,36,25,61,84,380,182,131,101,73,26,621,16498,8015,1140,2385,3525,1538,634,460,1132,1591,6336,3084,2090,1584,783,262
HOU,1997,33,916,426,57,122,179,93,32,20,61,76,327,155,112,86,80,29,693,19016,9404,1424,2921,4345,1665,713,577,1331,1833,7359,3600,2538,1912,875,292
HOU,1998,36,867,370,50,102,153,77,28,19,54,79,300,137,91,67,77,27,585,16064,8067,1002,2301,3303,1450,591,497,1140,1530,6372,3090,2109,1569,914,316
HOU,1999,27,575,234,39,82,121,38,20,17,34,58,187,86,68,49,30,10,482,12890,6078,859,2049,2908,1056,478,433,912,1200,4711,2262,1788,1309,709,242
HOU,2000,40,1019,429,51,127,179,76,31,26,69,92,354,161,111,81,68,25,449,11793,5358,671,1731,2402,902,421,424,809,1107,4364,2036,1441,1054,647,230
HOU,2001,58,1551,660,81,191,272,129,45,26,96,136,538,236,181,143,122,44,446,12306,5400,665,1705,2370,868,367,227,762,1078,4502,2028,1341,1028,856,314
HOU,2002,61,1771,696,86,216,302,145,53,33,101,141,589,256,181,139,130,43,341,9743,4227,415,1240,1656,718,292,195,588,825,3485,1559,1079,849,711,258
HOU,2003,54,1325,476,68,166,234,127,41,20,77,114,400,176,120,94,76,28,509,13979,5289,738,1910,2649,1533,455,208,936,1175,4405,1984,1377,1067,706,254
IND,1985,54,1209,511,74,168,242,120,41,25,94,137,425,203,139,103,5,1,474,11196,4802,627,1435,2063,1139,389,237,760,1183,4083,1961,1155,862,75,16
IND,1986,49,1229,546,67,157,224,130,38,23,89,119,456,220,131,100,12,3,583,14202,6336,763,1722,2485,1305,437,252,922,1392,5418,2593,1356,1035,346,114
IND,1987,43,1142,531,71,157,228,106,35,24,78,119,437,210,140,107,12,3,673,17728,8298,760,1964,2725,1696,516,283,1128,1569,6746,3191,1941,1564,946,351
IND,1988,47,1189,527,67,140,207,120,34,21,75,123,444,211,126,96,24,8,667,17271,8027,823,2104,2928,1633,476,334,1132,1659,6430,3081,1970,1570,785,293
IND,1989,49,1209,518,61,128,189,136,37,18,80,115,425,206,121,94,35,11,785,20543,9387,936,2364,3300,2141,642,295,1306,1882,7371,3543,2366,1891,1102,408
IND,1990,42,1069,481,54,124,179,105,30,19,72,107,373,184,123,98,38,14,692,17424,7872,812,2054,2867,1721,527,314,1116,1708,6156,2938,2014,1617,1022,379
IND,1991,39,935,425,55,115,170,97,28,16,62,100,326,161,114,91,34,12,709,18069,7914,971,2261,3233,1678,541,342,1107,1763,6198,2977,2060,1603,958,354
IND,1992,42,1038,464,59,127,186,116,30,20,63,103,367,178,122,95,36,12,769,19836,8511,1065,2460,3526,1832,596,392,1151,1904,6678,3174,2316,1809,966,353
IND,1993,39,952,412,53,100,153,97,32,20,54,87,331,160,103,80,36,12,725,19278,7991,1005,2257,3263,1762,648,395,1092,1737,6369,3032,2137,1657,747,269
IND,1994,41,1030,426,59,110,170,107,36,19,65,98,335,161,120,90,36,12,843,21995,8871,1169,2677,3846,2184,703,448,1302,2007,7037,3355,2406,1853,855,307
IND,1995,42,1130,478,73,122,195,118,38,22,75,103,367,176,140,106,49,18,795,20862,9068,1007,2318,3326,2114,641,355,1233,1831,7158,3397,2391,1905,1016,368
IND,1996,40,1017,402,57,108,166,109,32,18,68,103,309,147,118,88,55,19,756,19820,8248,1030,2386,3417,1965,611,416,1223,1866,6621,3107,2196,1701,930,332
IND,1997,50,1395,555,70,158,228,154,40,27,95,127,420,203,161,120,75,28,798,21799,9070,1018,2635,3653,2209,679,490,1324,1916,7019,3355,2469,1933,1151,425
IND,1998,49,1303,515,66,143,209,129,42,23,77,115,402,187,141,108,85,33,840,23793,10054,1106,2876,3982,2369,761,464,1410,2011,7858,3701,2715,2161,1336,490
IND,1999,35,863,344,45,86,131,83,26,15,48,79,277,127,85,67,59,22,792,22206,9507,1032,2634,3667,2274,725,423,1349,1895,7446,3525,2497,1987,1285,469
IND,2000,31,656,270,31,66,98,47,17,10,33,63,216,95,70,57,59,22,567,14955,6521,666,1802,2468,1226,458,283,868,1361,5150,2358,1779,1429,1020,375
IND,2001,39,933,386,52,113,165,59,27,22,53,82,318,139,114,87,55,19,397,10322,4530,444,1260,1704,842,336,200,595,862,3569,1621,1318,1039,684,247
IND,2002,39,1036,414,54,127,182,91,34,22,63,96,350,150,113,86,78,27,445,12431,5612,457,1410,1867,1333,443,197,771,1007,4512,2010,1517,1209,1060,382
IND,2003,33,814,310,46,102,148,76,30,19,48,79,260,115,87,65,45,15,418,10901,4646,423,1234,1657,1093,392,190,646,930,3704,1650,1321,1047,818,297
LAC,1985,50,1295,552,71,133,204,146,39,25,89,120,445,219,148,112,9,2,511,13442,5786,858,1770,2629,1276,449,328,869,1225,4637,2312,1532,1147,64,15
LAC,1986,53,1248,549,72,127,200,123,43,24,86,126,447,215,153,116,7,1,522,12637,5376,792,1510,2303,1245,452,291,875,1205,4333,2111,1528,1132,89,21
LAC,1987,50,1060,457,64,119,184,101,40,27,77,113,395,179,127,93,15,3,437,9871,3927,603,1235,1838,869,365,234,650,1001,3388,1579,1002,720,175,48
LAC,1988,43,858,350,49,99,149,75,31,31,66,104,310,138,100,72,8,1,398,9502,4060,497,1110,1608,1075,361,244,722,1023,3476,1647,994,719,169,45
LAC,1989,46,1227,532,64,139,204,153,56,34,101,116,457,213,137,100,19,4,384,9354,3967,495,1113,1609,990,387,259,680,949,3393,1576,1009,732,280,81
LAC,1990,51,1367,615,81,168,249,148,59,40,106,134,493,243,172,125,14,3,482,12205,5110,785,1665,2451,1078,454,351,840,1239,4319,2064,1313,914,239,66
LAC,1991,49,1243,570,72,135,208,122,47,26,86,126,467,223,156,114,30,9,546,13300,5683,781,1618,2399,1372,528,295,891,1381,4746,2258,1501,1066,334,100
LAC,1992,44,1163,499,65,124,190,161,46,22,81,98,422,203,117,83,31,9,539,14043,5990,676,1581,2258,1867,587,228,968,1179,5012,2388,1435,1057,504,157
LAC,1993,40,1062,502,59,125,185,128,42,22,75,99,416,197,129,95,39,11,554,14623,6811,828,1703,2531,1779,582,292,1058,1282,5637,2656,1787,1313,591,185
LAC,1994,44,816,305,48,97,145,94,35,15,56,82,265,126,70,48,16,4,412,8889,3327,462,1026,1488,861,339,181,550,839,2857,1312,777,554,420,148
LAC,1995,48,1082,441,67,129,197,88,40,26,70,119,376,173,115,78,49,16,498,11923,4654,605,1431,2037,1051,437,261,724,1149,3897,1802,1085,765,772,285
LAC,1996,60,1439,585,69,148,218,134,53,27,92,148,497,225,141,100,98,34,553,13229,5176,698,1624,2322,1119,454,274,796,1312,4394,2002,1236,883,786,287
LAC,1997,46,1077,431,56,119,175,93,36,16,68,104,363,165,95,69,85,31,467,11103,4435,539,1343,1882,978,370,192,685,1051,3843,1723,964,701,785,286
LAC,1998,49,1106,431,55,109,165,104,35,22,69,106,363,161,111,79,82,29,463,11125,4370,488,1218,1706,1119,354,209,720,1040,3856,1706,1003,714,702,243
LAC,1999,31,626,243,30,68,98,48,23,12,38,62,204,88,69,52,38,13,359,8261,3174,368,986,1355,768,252,159,512,754,2772,1210,758,570,522,182
LAC,2000,42,942,339,55,127,183,51,26,26,57,100,296,128,91,65,46,16,410,9366,3620,444,1245,1689,689,247,213,549,872,3061,1343,1015,747,538,185
LAC,2001,54,1319,537,81,177,258,102,31,39,89,126,453,204,155,109,57,20,377,8883,3613,415,1135,1550,753,229,209,559,791,3021,1340,1006,750,520,182
LAC,2002,56,1412,591,80,186,267,140,38,38,93,125,485,218,169,126,74,26,366,8909,3653,474,1224,1699,757,249,232,575,839,2992,1340,1090,810,466,161
LAC,2003,44,969,408,54,117,171,61,27,21,52,84,348,152,101,76,77,26,346,8532,3662,471,1092,1563,573,235,156,486,755,3052,1387,933,698,515,189
LAL,1985,40,1014,490,72,121,194,141,37,23,78,101,367,198,119,90,14,4,628,17461,8567,971,2436,3746,2015,599,440,1077,1443,6533,3381,2183,1664,424,139
LAL,1986,46,1258,607,78,145,223,181,46,29,96,117,455,244,147,112,18,5,788,22361,10761,1299,3093,4782,2573,772,605,1432,1916,8229,4257,2785,2102,448,144
LAL,1987,41,1060,520,66,120,187,138,38,24,75,99,396,206,129,100,21,7,712,19661,9492,1135,2640,4113,2231,672,522,1244,1655,7333,3760,2437,1844,398,126
LAL,1988,42,1290,643,81,141,223,159,42,29,83,104,486,247,175,138,32,11,814,23790,12071,1328,3091,4842,2648,771,616,1491,1898,9252,4752,3184,2411,487,154
LAL,1989,46,1357,643,83,155,239,167,46,25,87,109,492,245,173,137,43,14,661,18756,8557,1086,2453,3540,2206,662,428,1294,1563,6694,3327,2334,1770,424,133
LAL,1990,44,1311,642,87,163,251,139,47,25,81,106,492,245,169,136,41,14,832,23093,10353,1380,3110,4490,2463,821,565,1488,1946,8216,4000,2831,2153,618,199
LAL,1991,51,1329,585,82,140,222,100,43,25,70,117,478,234,139,106,32,10,757,19624,8453,1111,2528,3639,1678,676,450,1128,1748,6979,3349,2114,1591,505,162
LAL,1992,40,1150,496,70,128,198,84,38,28,61,95,403,193,133,100,27,8,848,22862,9764,1265,3046,4311,1843,795,628,1333,2091,7888,3774,2566,1927,836,287
LAL,1993,39,936,387,54,111,165,95,35,28,58,95,332,153,102,76,17,5,744,18576,7656,1050,2453,3503,1804,658,512,1168,1869,6320,2960,2016,1490,716,245
LAL,1994,44,1047,439,70,124,195,102,40,28,61,100,372,176,104,75,35,10,641,15864,6312,851,1990,2841,1653,628,396,945,1455,5303,2422,1584,1169,849,297
LAL,1995,42,1098,475,76,129,206,108,41,27,64,101,395,184,119,87,60,20,710,18488,7845,963,2352,3316,2300,714,398,1191,1615,6331,2955,2079,1592,976,341
LAL,1996,41,1122,522,72,130,203,99,39,33,67,101,414,196,140,96,90,32,751,19070,8627,1037,2486,3523,1744,661,512,1148,1782,6994,3259,2409,1710,1128,397
LAL,1997,38,1018,443,56,116,173,110,39,31,65,93,353,165,120,81,85,31,683,18245,8159,891,2367,3258,1860,637,547,1121,1652,6483,3016,2383,1661,1296,465
LAL,1998,43,1151,473,79,143,223,93,38,29,68,111,368,173,141,100,71,26,720,19838,8527,1127,2677,3805,1760,694,511,1176,1862,6776,3210,2417,1695,1140,410
LAL,1999,34,989,418,60,112,173,87,33,24,57,91,329,155,127,88,55,18,675,18636,8107,996,2408,3404,1741,646,476,1132,1655,6472,3041,2314,1637,1113,386
LAL,2000,34,892,378,58,105,163,87,27,24,51,82,319,146,105,70,46,15,642,17231,7433,944,2226,3171,1750,591,447,1074,1547,6080,2855,2024,1399,960,322
LAL,2001,42,1029,458,65,119,184,100,33,27,60,99,370,171,130,87,77,27,596,15820,7225,735,1978,2714,1621,556,386,1036,1455,5826,2700,2017,1419,1141,405
LAL,2002,39,937,413,68,115,183,89,28,25,53,90,330,154,120,82,64,22,519,12695,5665,668,1720,2389,1265,422,360,819,1225,4567,2140,1604,1083,865,300
LAL,2003,40,1191,572,63,139,203,133,41,21,71,97,468,216,154,113,73,26,524,15776,7947,870,2301,3171,1672,592,361,1004,1348,6157,3019,2365,1656,737,251
MEM,1985,0,0,0,0,0,0,0,0,0,0,0,0,0,0,0,0,0,0,0,0,0,0,0,0,0,0,0,0,0,0,0,0,0,0
MEM,1986,0,0,0,0,0,0,0,0,0,0,0,0,0,0,0,0,0,0,0,0,0,0,0,0,0,0,0,0,0,0,0,0,0,0
MEM,1987,0,0,0,0,0,0,0,0,0,0,0,0,0,0,0,0,0,0,0,0,0,0,0,0,0,0,0,0,0,0,0,0,0,0
MEM,1988,0,0,0,0,0,0,0,0,0,0,0,0,0,0,0,0,0,0,0,0,0,0,0,0,0,0,0,0,0,0,0,0,0,0
MEM,1989,0,0,0,0,0,0,0,0,0,0,0,0,0,0,0,0,0,0,0,0,0,0,0,0,0,0,0,0,0,0,0,0,0,0
MEM,1990,0,0,0,0,0,0,0,0,0,0,0,0,0,0,0,0,0,0,0,0,0,0,0,0,0,0,0,0,0,0,0,0,0,0
MEM,1991,0,0,0,0,0,0,0,0,0,0,0,0,0,0,0,0,0,0,0,0,0,0,0,0,0,0,0,0,0,0,0,0,0,0
MEM,1992,0,0,0,0,0,0,0,0,0,0,0,0,0,0,0,0,0,0,0,0,0,0,0,0,0,0,0,0,0,0,0,0,0,0
MEM,1993,0,0,0,0,0,0,0,0,0,0,0,0,0,0,0,0,0,0,0,0,0,0,0,0,0,0,0,0,0,0,0,0,0,0
MEM,1994,0,0,0,0,0,0,0,0,0,0,0,0,0,0,0,0,0,0,0,0,0,0,0,0,0,0,0,0,0,0,0,0,0,0
MEM,1995,0,0,0,0,0,0,0,0,0,0,0,0,0,0,0,0,0,0,0,0,0,0,0,0,0,0,0,0,0,0,0,0,0,0
MEM,1996,0,0,0,0,0,0,0,0,0,0,0,0,0,0,0,0,0,0,0,0,0,0,0,0,0,0,0,0,0,0,0,0,0,0
MEM,1997,0,0,0,0,0,0,0,0,0,0,0,0,0,0,0,0,0,0,0,0,0,0,0,0,0,0,0,0,0,0,0,0,0,0
MEM,1998,0,0,0,0,0,0,0,0,0,0,0,0,0,0,0,0,0,0,0,0,0,0,0,0,0,0,0,0,0,0,0,0,0,0
MEM,1999,0,0,0,0,0,0,0,0,0,0,0,0,0,0,0,0,0,0,0,0,0,0,0,0,0,0,0,0,0,0,0,0,0,0
MEM,2000,0,0,0,0,0,0,0,0,0,0,0,0,0,0,0,0,0,0,0,0,0,0,0,0,0,0,0,0,0,0,0,0,0,0
MEM,2001,41,974,356,41,105,147,97,35,16,63,87,326,136,79,58,72,23,391,9929,3785,496,1260,1757,928,385,199,615,892,3213,1437,1014,737,511,172
MEM,2002,52,1528,609,68,166,234,144,48,34,91,116,529,234,131,94,123,45,282,7657,2986,294,904,1198,771,266,158,444,625,2553,1136,683,504,574,210
MEM,2003,59,1670,655,87,206,294,143,56,43,98,136,548,248,163,118,110,39,350,9138,3403,412,1174,1586,759,322,249,513,794,2836,1292,831,585,646,233
MIA,1985,0,0,0,0,0,0,0,0,0,0,0,0,0,0,0,0,0,0,0,0,0,0,0,0,0,0,0,0,0,0,0,0,0,0
MIA,1986,0,0,0,0,0,0,0,0,0,0,0,0,0,0,0,0,0,0,0,0,0,0,0,0,0,0,0,0,0,0,0,0,0,0
MIA,1987,0,0,0,0,0,0,0,0,0,0,0,0,0,0,0,0,0,0,0,0,0,0,0,0,0,0,0,0,0,0,0,0,0,0
MIA,1988,37,637,246,27,50,78,92,23,4,48,69,219,101,48,36,19,6,348,7911,3077,481,971,1452,763,278,131,572,823,2611,1214,823,608,125,39
MIA,1989,45,1071,443,68,121,189,101,38,20,89,116,397,180,109,77,17,6,552,14596,6034,785,1678,2464,1418,472,198,987,1362,5042,2350,1552,1156,489,177
MIA,1990,75,1962,852,137,237,375,180,76,48,162,204,750,347,220,148,29,10,523,13307,5398,702,1471,2174,1237,431,197,867,1235,4493,2050,1455,1090,579,206
MIA,1991,55,1366,583,76,148,225,156,56,23,108,135,507,231,155,111,28,8,541,13961,5687,634,1412,2046,1485,456,181,921,1246,4756,2125,1494,1156,795,279
MIA,1992,48,1252,527,78,146,224,114,44,28,86,124,438,201,147,112,35,11,656,17010,6870,903,1923,2826,1448,537,313,1081,1655,5656,2545,1886,1463,898,317
MIA,1993,48,1213,490,71,146,218,104,36,32,76,120,398,182,139,107,51,18,590,14760,5694,794,1744,2539,1208,435,399,912,1494,4663,2102,1579,1215,781,274
MIA,1994,47,1303,569,81,156,238,109,40,22,76,125,471,222,134,102,62,21,661,16655,6894,977,2000,2978,1253,503,292,982,1662,5669,2628,1746,1339,837,298
MIA,1995,47,1208,530,74,142,217,105,39,25,80,115,434,204,143,104,50,16,612,15532,6836,836,1930,2766,1344,485,309,984,1532,5679,2639,1721,1295,756,262
MIA,1996,36,959,406,51,108,159,95,30,25,61,88,320,143,121,90,79,28,501,13559,5409,649,1693,2342,1339,461,308,817,1216,4497,2034,1378,1030,869,309
MIA,1997,41,1035,417,58,115,174,89,33,24,64,99,339,149,109,80,104,38,534,14114,5858,666,1736,2402,1375,481,335,849,1270,4832,2161,1485,1111,1174,424
MIA,1998,39,1018,392,57,114,171,88,32,21,59,92,319,142,100,74,90,32,617,16797,6964,809,2104,2913,1688,563,382,1015,1440,5683,2586,1797,1363,1183,427
MIA,1999,29,796,301,45,98,144,66,23,18,45,74,244,111,83,60,50,18,566,16363,6650,875,2203,3078,1435,495,388,957,1403,5401,2494,1818,1323,948,337
MIA,2000,34,899,341,54,115,169,81,29,22,51,75,277,123,104,76,49,16,590,16909,6870,900,2256,3156,1476,549,363,956,1377,5477,2545,1946,1431,981,347
MIA,2001,39,1058,458,59,129,188,100,39,25,71,100,393,173,129,97,44,14,474,13242,5792,651,1666,2318,1331,474,303,890,1178,4809,2185,1619,1196,646,224
MIA,2002,43,1090,409,48,131,180,104,37,20,62,111,361,158,95,74,54,19,334,8479,3296,368,1029,1397,736,303,155,474,815,2831,1244,812,625,516,182
MIA,2003,42,995,357,53,142,195,73,27,24,56,99,314,135,88,68,53,18,345,9068,3494,479,1249,1729,745,291,189,541,892,2883,1303,990,734,441,152
MIL,1985,41,934,429,63,103,167,92,31,22,65,107,337,168,119,90,8,2,548,11768,5449,727,1380,2107,1086,412,278,783,1303,4388,2123,1486,1130,227,73
MIL,1986,38,935,440,51,102,154,116,37,16,62,94,348,168,122,96,20,6,537,12701,5876,661,1454,2115,1511,496,211,859,1267,4798,2270,1551,1233,309,102
MIL,1987,42,1035,471,58,111,169,131,44,17,68,106,375,178,137,106,27,8,547,13081,5877,709,1546,2255,1551,530,219,876,1322,4797,2260,1602,1258,311,98
MIL,1988,38,957,427,59,110,169,111,33,17,61,103,339,164,125,97,8,1,623,15032,6770,843,1789,2632,1744,576,245,1012,1524,5466,2608,1877,1478,256,75
MIL,1989,34,834,366,53,99,153,88,33,18,56,88,294,141,102,78,17,5,594,13755,5802,726,1582,2309,1593,571,253,956,1453,4742,2256,1520,1181,347,108
MIL,1990,42,1147,538,68,124,192,116,50,17,78,114,422,204,149,115,38,13,707,17561,8313,1010,2101,3111,1672,686,284,1187,1780,6437,3136,2307,1829,586,209
MIL,1991,40,993,420,72,117,189,102,44,15,65,100,334,161,118,90,23,7,592,13446,5693,736,1537,2274,1367,580,204,908,1430,4598,2199,1440,1091,556,203
MIL,1992,43,960,431,70,117,187,69,38,22,64,102,342,166,116,89,23,7,490,10650,4484,572,1265,1838,992,437,219,747,1169,3588,1693,1243,942,445,155
MIL,1993,45,994,429,60,120,180,89,36,23,62,100,362,173,97,69,40,13,597,13075,5342,814,1728,2543,1034,424,328,842,1364,4422,2044,1443,1069,530,184
MIL,1994,50,1069,441,57,93,151,127,49,17,68,98,364,166,124,90,56,17,607,13717,5619,745,1580,2326,1164,490,322,905,1399,4522,2102,1583,1174,691,240
MIL,1995,55,1390,577,80,154,234,136,47,27,95,137,481,221,160,111,64,21,583,14699,6652,881,1845,2727,1238,490,375,1053,1548,5494,2574,1844,1332,512,170
MIL,1996,47,1174,489,66,132,198,98,35,21,75,110,396,189,129,95,40,13,501,12356,5409,637,1364,2001,1010,383,230,812,1162,4412,2060,1437,1095,551,193
MIL,1997,45,1152,478,58,141,199,99,39,25,71,104,387,180,122,95,57,20,532,13319,5701,718,1648,2366,1064,443,270,814,1253,4622,2163,1485,1173,557,200
MIL,1998,51,1436,587,70,167,238,123,49,24,89,133,482,222,151,116,70,25,579,14331,6182,710,1800,2510,1324,501,238,896,1380,5093,2367,1509,1173,760,279
MIL,1999,36,913,385,47,97,145,77,30,16,56,91,314,145,98,76,48,18,625,15883,7115,746,1853,2600,1421,536,277,1004,1579,5834,2726,1654,1284,1038,385
MIL,2000,30,857,353,48,96,144,73,29,15,52,84,294,134,85,64,51,19,550,13861,5915,688,1699,2388,1245,502,273,852,1402,4949,2232,1447,1108,964,350
MIL,2001,38,1034,429,59,123,183,101,31,17,62,96,344,159,113,88,60,23,552,14128,5893,637,1803,2441,1406,440,230,893,1331,4781,2184,1537,1181,938,342
MIL,2002,49,1391,580,66,164,231,155,41,21,77,112,470,216,143,111,92,35,499,14119,6021,620,1727,2348,1654,486,210,859,1202,4870,2253,1585,1200,887,314
MIL,2003,41,907,353,49,112,162,67,28,18,48,90,295,132,79,59,75,28,365,9170,3767,438,1180,1619,824,292,175,536,841,3164,1406,965,737,601,215
MIN,1985,0,0,0,0,0,0,0,0,0,0,0,0,0,0,0,0,0,0,0,0,0,0,0,0,0,0,0,0,0,0,0,0,0,0
MIN,1986,0,0,0,0,0,0,0,0,0,0,0,0,0,0,0,0,0,0,0,0,0,0,0,0,0,0,0,0,0,0,0,0,0,0
MIN,1987,0,0,0,0,0,0,0,0,0,0,0,0,0,0,0,0,0,0,0,0,0,0,0,0,0,0,0,0,0,0,0,0,0,0
MIN,1988,0,0,0,0,0,0,0,0,0,0,0,0,0,0,0,0,0,0,0,0,0,0,0,0,0,0,0,0,0,0,0,0,0,0
MIN,1989,33,584,245,43,67,111,39,17,16,36,70,205,99,66,46,4,0,508,10940,4310,611,1183,1794,915,360,219,625,1167,3652,1697,1136,838,256,78
MIN,1990,50,1124,442,74,118,193,103,45,19,58,116,383,176,112,83,24,7,497,10691,4007,598,1124,1723,919,366,181,552,1125,3484,1592,1005,746,251,76
MIN,1991,66,1761,717,105,185,291,163,63,36,93,163,628,286,182,137,28,7,537,11862,4572,667,1339,2006,982,379,265,651,1232,3965,1822,1135,861,224,67
MIN,1992,43,968,416,56,103,159,101,36,21,61,103,340,162,106,81,30,10,427,10062,4156,545,1268,1814,837,286,255,650,1073,3451,1614,1060,825,306,101
MIN,1993,52,1287,545,68,138,206,142,44,23,89,128,438,207,150,118,38,12,422,10350,4432,537,1277,1815,876,288,219,706,1055,3676,1705,1129,887,392,133
MIN,1994,54,1399,593,79,176,256,148,50,25,106,135,482,223,182,139,28,7,489,11249,4450,586,1395,1982,1104,377,212,761,1156,3735,1680,1207,940,453,148
MIN,1995,53,1466,626,71,161,233,155,49,31,106,137,505,231,181,142,63,21,566,14465,6122,686,1814,2500,1683,524,315,978,1336,4957,2288,1701,1355,569,190
MIN,1996,49,1163,447,56,131,187,107,40,23,73,116,374,168,118,88,66,21,543,14079,6130,641,1758,2399,1728,493,278,903,1178,5063,2316,1611,1254,715,241
MIN,1997,44,1049,409,54,122,177,94,34,25,63,104,340,154,111,83,50,17,545,13703,5919,624,1651,2275,1665,496,243,877,1221,4869,2234,1570,1216,677,233
MIN,1998,40,1094,451,52,117,170,105,36,21,62,90,391,171,108,83,72,25,449,11326,4898,537,1349,1887,1158,374,230,645,994,4204,1879,1161,903,666,235
MIN,1999,28,767,299,49,95,145,67,27,19,41,67,267,118,74,56,17,5,546,13942,5874,741,1846,2587,1254,456,325,748,1249,5019,2304,1376,1079,529,185
MIN,2000,31,724,291,39,83,122,71,23,15,40,68,255,115,66,49,35,11,505,12774,5414,632,1632,2264,1193,412,284,704,1161,4560,2074,1327,1026,669,238
MIN,2001,40,1002,414,50,120,170,113,33,20,59,91,359,163,94,73,40,13,492,12766,5490,636,1623,2260,1309,418,270,753,1126,4614,2106,1372,1081,547,195
MIN,2002,39,1013,418,58,132,191,95,29,21,59,88,360,163,100,77,38,13,503,13665,5898,714,1731,2445,1533,481,290,851,1141,5019,2301,1503,1129,484,165
MIN,2003,44,1227,508,57,157,215,124,34,25,72,98,432,195,117,92,67,24,452,11881,4853,518,1569,2087,1241,380,299,751,1041,4063,1854,1213,938,599,206
NJN,1985,40,1044,486,69,118,187,121,44,21,80,113,400,192,135,98,15,3,618,16252,7476,1076,2170,3247,1669,631,351,1236,1721,6146,2967,1999,1482,227,59
NJN,1986,31,783,378,56,99,156,57,22,16,56,84,296,147,109,81,7,1,509,12300,5746,849,1664,2513,980,386,299,932,1366,4584,2263,1623,1182,135,37
NJN,1987,44,1161,525,70,150,221,109,39,25,84,115,409,201,154,116,19,5,424,10603,4633,686,1341,2027,982,377,240,743,1028,3710,1822,1325,958,118,30
NJN,1988,43,1094,520,76,142,218,89,37,31,84,113,424,204,144,105,24,7,439,11051,4714,814,1517,2331,909,404,297,788,1100,3844,1855,1314,936,230,68
NJN,1989,35,713,320,43,82,126,62,26,19,50,72,276,124,87,65,16,5,474,11824,4788,760,1531,2292,1122,443,305,759,1118,4109,1864,1268,923,427,136
NJN,1990,49,1214,542,84,147,231,113,47,31,89,123,458,206,168,120,32,10,565,14027,5891,898,1824,2722,1451,527,384,970,1335,4969,2249,1589,1176,656,216
NJN,1991,60,1405,584,115,189,304,115,55,51,98,138,532,227,166,117,46,12,558,13510,5473,830,1770,2600,1443,516,349,861,1237,4798,2095,1336,987,865,294
NJN,1992,39,918,391,66,113,179,88,32,27,65,88,337,154,103,74,24,7,540,13293,5539,841,1774,2615,1375,472,334,898,1321,4575,2155,1536,1119,342,109
NJN,1993,42,1062,497,70,127,197,101,41,25,78,89,414,192,135,104,29,8,680,17742,7261,1048,2337,3386,1466,606,443,1118,1649,6059,2753,2004,1530,674,224
NJN,1994,34,841,372,59,113,172,81,29,23,55,70,310,139,110,85,24,7,641,16695,6669,1021,2374,3396,1580,555,461,1124,1568,5581,2526,1877,1433,565,182
NJN,1995,45,1063,413,60,117,178,109,39,30,65,96,351,156,117,86,45,15,551,13856,5221,820,1767,2587,1317,491,365,844,1340,4461,2022,1412,1061,360,115
NJN,1996,38,892,371,59,110,169,75,27,19,60,99,303,139,105,77,47,15,505,11871,5048,692,1444,2137,1057,421,265,789,1214,4362,1963,1280,958,485,161
NJN,1997,42,1007,402,73,127,200,77,31,20,62,93,337,151,110,80,52,18,572,14585,6346,920,1865,2786,1259,516,255,939,1350,5332,2457,1700,1250,547,181
NJN,1998,36,858,356,52,90,142,80,33,18,53,83,301,132,99,73,52,17,452,10935,4757,542,1258,1801,1194,399,196,719,993,3983,1785,1271,960,657,226
NJN,1999,39,983,390,42,85,128,93,41,17,55,90,340,144,107,82,58,19,575,14793,5975,726,1546,2272,1451,569,247,863,1305,4971,2260,1574,1186,786,267
NJN,2000,41,893,368,48,100,149,77,31,20,52,90,313,136,105,81,42,13,450,10774,4467,444,1080,1524,1130,389,181,683,1005,3755,1676,1233,934,555,181
NJN,2001,49,1239,492,68,168,236,130,44,28,77,114,421,185,126,98,68,23,379,9726,3829,422,1240,1663,1050,369,173,591,811,3290,1437,972,739,625,215
NJN,2002,43,1139,414,74,143,217,116,39,32,70,106,351,154,115,86,57,18,468,12355,4535,626,1723,2350,1288,433,370,782,1107,3787,1684,1275,930,690,236
NJN,2003,38,929,370,58,102,161,88,32,20,56,84,312,139,99,74,53,17,418,10233,4184,447,1248,1696,1099,365,241,686,908,3458,1554,1153,854,621,220
NOH,1985,0,0,0,0,0,0,0,0,0,0,0,0,0,0,0,0,0,0,0,0,0,0,0,0,0,0,0,0,0,0,0,0,0,0
NOH,1986,0,0,0,0,0,0,0,0,0,0,0,0,0,0,0,0,0,0,0,0,0,0,0,0,0,0,0,0,0,0,0,0,0,0
NOH,1987,0,0,0,0,0,0,0,0,0,0,0,0,0,0,0,0,0,0,0,0,0,0,0,0,0,0,0,0,0,0,0,0,0,0
NOH,1988,0,0,0,0,0,0,0,0,0,0,0,0,0,0,0,0,0,0,0,0,0,0,0,0,0,0,0,0,0,0,0,0,0,0
NOH,1989,0,0,0,0,0,0,0,0,0,0,0,0,0,0,0,0,0,0,0,0,0,0,0,0,0,0,0,0,0,0,0,0,0,0
NOH,1990,0,0,0,0,0,0,0,0,0,0,0,0,0,0,0,0,0,0,0,0,0,0,0,0,0,0,0,0,0,0,0,0,0,0
NOH,1991,0,0,0,0,0,0,0,0,0,0,0,0,0,0,0,0,0,0,0,0,0,0,0,0,0,0,0,0,0,0,0,0,0,0
NOH,1992,0,0,0,0,0,0,0,0,0,0,0,0,0,0,0,0,0,0,0,0,0,0,0,0,0,0,0,0,0,0,0,0,0,0
NOH,1993,0,0,0,0,0,0,0,0,0,0,0,0,0,0,0,0,0,0,0,0,0,0,0,0,0,0,0,0,0,0,0,0,0,0
NOH,1994,0,0,0,0,0,0,0,0,0,0,0,0,0,0,0,0,0,0,0,0,0,0,0,0,0,0,0,0,0,0,0,0,0,0
NOH,1995,0,0,0,0,0,0,0,0,0,0,0,0,0,0,0,0,0,0,0,0,0,0,0,0,0,0,0,0,0,0,0,0,0,0
NOH,1996,0,0,0,0,0,0,0,0,0,0,0,0,0,0,0,0,0,0,0,0,0,0,0,0,0,0,0,0,0,0,0,0,0,0
NOH,1997,0,0,0,0,0,0,0,0,0,0,0,0,0,0,0,0,0,0,0,0,0,0,0,0,0,0,0,0,0,0,0,0,0,0
NOH,1998,0,0,0,0,0,0,0,0,0,0,0,0,0,0,0,0,0,0,0,0,0,0,0,0,0,0,0,0,0,0,0,0,0,0
NOH,1999,0,0,0,0,0,0,0,0,0,0,0,0,0,0,0,0,0,0,0,0,0,0,0,0,0,0,0,0,0,0,0,0,0,0
NOH,2000,0,0,0,0,0,0,0,0,0,0,0,0,0,0,0,0,0,0,0,0,0,0,0,0,0,0,0,0,0,0,0,0,0,0
NOH,2001,0,0,0,0,0,0,0,0,0,0,0,0,0,0,0,0,0,0,0,0,0,0,0,0,0,0,0,0,0,0,0,0,0,0
NOH,2002,36,974,359,54,111,166,98,35,20,56,87,311,134,101,75,43,15,534,13958,5416,688,1623,2311,1501,538,287,865,1259,4627,2026,1542,1142,645,220
NOH,2003,38,974,359,50,106,157,98,34,15,55,81,307,132,89,69,71,26,526,13758,5324,681,1506,2188,1379,503,227,831,1188,4474,1954,1447,1101,907,314
NYK,1985,59,1405,587,76,144,221,149,57,18,101,163,489,235,150,113,13,3,560,13744,6127,754,1760,2514,1247,456,335,981,1443,5053,2429,1611,1192,232,76
NYK,1986,54,1440,615,76,140,216,158,51,25,100,149,512,248,152,112,16,5,517,12993,6153,714,1603,2317,1147,404,311,946,1330,4996,2444,1601,1189,229,75
NYK,1987,50,1174,497,71,133,205,109,42,21,83,123,418,197,132,96,17,5,578,14160,6031,705,1648,2354,1544,479,279,999,1390,4948,2354,1565,1187,408,135
NYK,1988,42,1173,554,82,150,233,106,41,23,84,117,458,218,141,107,31,10,756,20306,8903,1060,2510,3631,2406,698,360,1410,1857,7252,3430,2410,1836,616,204
NYK,1989,41,1067,483,68,115,184,129,45,22,76,103,393,188,120,91,44,14,753,20484,8733,977,2368,3346,2674,788,352,1419,1768,7054,3377,2329,1781,593,196
NYK,1990,37,900,401,62,106,168,103,34,22,63,82,324,158,98,73,35,12,710,19122,8159,926,2336,3262,2397,717,350,1299,1668,6687,3189,2005,1538,715,241
NYK,1991,35,980,448,66,137,203,90,26,25,70,83,359,177,114,87,18,5,703,20338,8678,1144,2893,4037,2155,619,413,1378,1746,6989,3359,2297,1733,686,227
NYK,1992,46,1361,640,82,171,253,115,43,39,85,128,529,246,172,133,40,12,768,21776,9573,1138,2988,4126,2099,710,534,1440,2024,7809,3670,2592,1974,745,258
NYK,1993,44,1181,507,76,138,215,115,40,24,73,115,422,194,140,104,40,13,725,20596,8940,1013,2633,3646,2161,723,458,1348,1865,7322,3435,2369,1793,795,276
NYK,1994,43,1115,453,80,133,213,112,41,22,75,115,375,171,129,94,47,15,774,21126,8405,1034,2824,3858,2291,810,497,1399,2022,6902,3190,2255,1676,987,347
NYK,1995,39,990,408,62,112,174,94,33,22,66,104,335,154,107,79,55,20,720,19764,8032,969,2683,3652,2028,721,483,1333,1886,6652,3099,2042,1527,868,304
NYK,1996,41,1190,534,64,148,213,118,35,23,80,108,426,196,139,106,93,35,775,21731,9205,1272,3297,4569,1847,650,544,1483,2108,7478,3524,2404,1790,1030,366
NYK,1997,39,1105,433,65,140,206,94,32,22,69,108,350,160,115,86,68,25,758,21298,9081,1400,3284,4684,1690,632,548,1414,2128,7484,3524,2380,1736,840,296
NYK,1998,36,986,394,47,106,154,92,30,25,66,89,329,146,104,77,67,24,688,19319,8281,934,2682,3616,1613,571,608,1254,1753,6985,3189,2045,1529,1025,372
NYK,1999,32,821,312,49,86,136,67,25,21,53,79,268,118,87,64,34,11,564,15350,6453,786,2147,2934,1259,458,502,1002,1448,5387,2474,1669,1253,705,250
NYK,2000,36,959,355,50,98,149,93,27,13,58,90,298,133,88,69,55,20,630,17501,6978,717,2083,2800,1923,540,291,1126,1540,5846,2628,1668,1308,1135,413
NYK,2001,40,1102,408,53,128,182,100,33,20,65,97,339,154,98,77,57,21,634,17081,6454,728,2111,2839,1853,556,323,1102,1496,5431,2440,1612,1238,945,334
NYK,2002,47,1208,464,52,142,194,83,35,18,68,111,399,176,109,87,67,23,555,14322,5706,556,1720,2277,1185,440,226,888,1286,4845,2167,1357,1069,841,301
NYK,2003,52,1398,559,74,173,248,119,39,25,87,132,480,212,131,102,91,31,529,14557,6035,764,2011,2775,1228,421,380,949,1347,4953,2278,1641,1223,727,254
ORL,1985,0,0,0,0,0,0,0,0,0,0,0,0,0,0,0,0,0,0,0,0,0,0,0,0,0,0,0,0,0,0,0,0,0,0
ORL,1986,0,0,0,0,0,0,0,0,0,0,0,0,0,0,0,0,0,0,0,0,0,0,0,0,0,0,0,0,0,0,0,0,0,0
ORL,1987,0,0,0,0,0,0,0,0,0,0,0,0,0,0,0,0,0,0,0,0,0,0,0,0,0,0,0,0,0,0,0,0,0,0
ORL,1988,0,0,0,0,0,0,0,0,0,0,0,0,0,0,0,0,0,0,0,0,0,0,0,0,0,0,0,0,0,0,0,0,0,0
ORL,1989,44,905,362,60,106,167,100,28,17,67,95,309,142,99,75,11,2,534,12568,5435,732,1486,2219,1421,408,219,944,1227,4496,2072,1492,1137,456,152
ORL,1990,51,1006,407,68,124,193,100,34,17,69,106,341,156,121,89,17,4,440,9502,3842,516,1072,1588,920,315,133,609,920,3244,1452,983,716,602,221
ORL,1991,61,1437,609,86,173,259,137,45,23,98,141,515,233,171,127,43,14,426,9233,3740,490,1063,1554,864,305,158,603,929,3166,1436,930,674,531,193
ORL,1992,52,1293,538,71,148,220,117,37,19,84,125,453,206,141,104,55,20,490,11527,5097,687,1502,2189,975,319,283,713,1079,4007,1957,1459,949,607,232
ORL,1993,53,1255,521,66,157,223,113,36,28,81,123,429,200,141,105,46,16,477,11492,4844,703,1583,2287,990,339,399,712,1128,3865,1864,1389,923,533,192
ORL,1994,44,1204,528,86,161,248,106,38,34,74,105,428,207,139,93,56,19,604,15860,6616,964,2178,3143,1474,517,511,942,1407,5367,2573,1761,1181,824,287
ORL,1995,39,1028,443,71,123,194,107,36,25,63,91,348,172,115,75,64,23,582,15082,6217,890,2023,2913,1439,515,372,895,1349,5077,2418,1668,1109,785,271
ORL,1996,40,1052,425,59,110,170,113,34,17,64,88,327,154,109,82,92,35,604,15780,6310,886,1912,2798,1558,536,303,993,1372,5193,2372,1685,1261,867,303
ORL,1997,39,1014,404,51,103,155,96,37,19,61,79,327,147,108,80,84,28,610,16023,6528,769,1751,2520,1835,626,290,1031,1316,5361,2451,1745,1311,927,314
ORL,1998,43,1117,426,71,128,200,90,37,25,64,89,360,160,119,86,60,19,627,16375,7022,945,1951,2896,1507,583,317,974,1329,5787,2681,1859,1412,738,247
ORL,1999,32,742,261,45,78,124,56,28,16,44,67,226,100,79,54,18,6,410,9389,3501,498,1204,1702,742,326,217,545,862,2943,1324,981,698,449,154
ORL,2000,37,877,373,44,100,144,97,34,20,63,81,311,140,98,73,55,18,492,11323,4642,476,1290,1766,1249,441,233,735,1056,3855,1734,1212,894,793,280
ORL,2001,40,990,408,55,122,177,88,32,22,58,92,350,154,100,74,69,24,552,14151,6295,748,1973,2722,1296,491,416,870,1258,5138,2402,1638,1219,772,272
ORL,2002,39,1002,408,47,112,159,105,33,16,52,89,343,150,96,74,86,33,438,11387,4926,664,1595,2260,1089,408,266,713,1050,3970,1836,1389,1040,599,213
ORL,2003,44,1020,434,50,114,165,94,30,15,58,92,373,165,103,78,64,24,325,7901,3369,382,948,1330,864,252,131,512,715,2855,1289,929,677,323,113
PHI,1985,41,1056,523,72,117,190,104,44,30,84,105,402,199,155,122,12,3,416,11584,5881,601,1631,2395,1392,488,260,826,1039,4517,2288,1654,1233,249,70
PHI,1986,43,1255,608,79,147,227,137,51,28,97,121,472,236,173,129,22,6,559,15359,7595,796,1912,2846,1827,620,286,1150,1420,5858,2915,2251,1678,301,86
PHI,1987,41,1143,514,78,149,227,111,43,25,85,111,396,197,151,114,14,3,542,13431,5993,816,1756,2572,1454,515,271,975,1297,4696,2317,1718,1289,244,68
PHI,1988,38,1016,497,70,130,201,102,40,22,77,89,381,187,152,118,16,3,539,13581,6150,743,1657,2400,1528,587,218,930,1146,4800,2336,1709,1326,457,151
PHI,1989,41,1093,531,80,146,226,95,33,23,71,95,406,200,154,122,25,7,529,13273,6105,842,1843,2685,1196,460,285,866,1200,4739,2310,1711,1331,454,152
PHI,1990,38,1028,464,68,134,203,84,31,31,60,87,370,179,125,98,25,7,594,15278,6478,948,2119,3067,1409,544,385,946,1323,5135,2458,1806,1402,484,160
PHI,1991,37,900,432,59,106,166,78,33,21,56,77,331,162,124,97,29,9,449,11473,5245,838,1678,2516,967,405,302,768,1000,4007,1956,1568,1194,415,136
PHI,1992,46,1198,509,63,137,200,92,40,42,64,100,405,196,122,100,39,15,571,14259,5724,755,1748,2504,1185,491,420,807,1163,4618,2184,1480,1173,491,181
PHI,1993,46,1151,521,55,114,170,105,33,26,67,82,429,206,120,94,38,14,536,13289,5607,576,1540,2117,1139,394,412,782,1135,4557,2180,1417,1100,400,146
PHI,1994,40,902,386,51,101,152,63,26,21,54,73,329,152,95,69,35,11,377,8415,3507,465,999,1464,563,245,241,473,766,2984,1380,846,644,302,107
PHI,1995,44,1059,411,61,133,194,85,32,29,66,95,350,155,114,83,54,17,489,11599,4870,685,1544,2230,903,344,325,764,1096,4038,1831,1380,1057,481,153
PHI,1996,47,1135,435,71,146,217,81,35,25,65,94,362,162,128,94,50,16,468,11677,5070,718,1595,2314,915,402,240,749,939,4191,1856,1575,1198,536,166
PHI,1997,49,1245,507,78,147,226,106,39,30,86,115,421,187,147,109,66,21,616,16849,7471,940,2278,3219,1458,539,426,1157,1559,6240,2805,2145,1644,681,220
PHI,1998,43,938,354,65,118,183,75,35,23,57,101,288,134,104,72,38,12,570,14297,5446,844,2043,2887,1063,503,399,873,1462,4585,2093,1551,1128,433,136
PHI,1999,33,881,340,60,107,167,77,36,22,55,85,287,129,105,72,30,9,501,12909,4920,712,1665,2377,1145,486,282,790,1214,4131,1860,1439,1020,546,177
PHI,2000,31,819,318,55,108,163,66,29,21,50,75,269,117,100,71,33,10,510,13208,5027,742,1841,2583,1124,455,383,810,1200,4165,1873,1498,1077,632,204
PHI,2001,35,936,366,60,119,179,93,33,22,59,84,311,134,112,83,42,13,406,10984,4324,644,1572,2217,963,379,336,718,1019,3513,1599,1360,1009,370,115
PHI,2002,36,965,399,60,119,180,82,32,15,59,85,340,150,113,84,45,15,445,11508,4707,643,1639,2283,983,407,202,750,1108,3888,1750,1428,1057,465,148
PHI,2003,37,1038,456,54,119,173,98,42,14,67,83,385,168,131,103,48,15,387,10999,4900,476,1424,1900,1090,418,188,774,903,4114,1811,1399,1078,613,199
PHO,1985,40,884,424,55,97,152,97,31,19,70,100,338,170,106,81,11,3,487,11614,5584,684,1474,2159,1228,416,292,824,1276,4463,2240,1412,1070,117,31
PHO,1986,49,1274,640,68,155,223,155,52,26,107,139,494,252,174,133,8,1,634,15944,7698,867,1939,2806,1738,591,384,1059,1660,6118,3074,1879,1455,277,94
PHO,1987,51,1284,629,66,137,203,152,45,23,98,139,501,249,157,122,27,8,725,18789,8954,1024,2227,3251,2013,652,410,1258,1902,7158,3538,2218,1734,415,143
PHO,1988,49,1172,497,68,131,200,116,39,17,75,117,407,190,133,103,36,12,768,19202,8082,1021,2194,3215,1751,654,357,1082,1754,6459,3087,2076,1628,762,280
PHO,1989,43,1139,562,71,141,213,128,39,22,77,106,448,218,146,113,34,11,679,17106,7711,929,2022,2951,1698,578,360,1076,1604,6065,2916,2082,1636,687,243
PHO,1990,40,1086,537,73,137,211,113,37,27,71,103,419,206,146,115,26,8,712,18306,8504,1089,2287,3377,1677,592,423,1182,1743,6803,3281,2220,1717,652,225
PHO,1991,39,951,436,62,120,183,104,32,26,58,88,326,163,133,104,19,6,674,16422,7037,916,2061,2977,1643,559,390,1011,1568,5452,2641,1978,1526,649,228
PHO,1992,41,989,513,61,124,185,124,36,18,68,88,385,190,156,118,42,13,629,16281,7516,1005,2203,3209,1805,596,345,1134,1556,5698,2800,2215,1673,727,240
PHO,1993,41,1008,451,74,122,196,109,35,20,61,81,341,167,131,98,49,17,591,14724,6273,940,1985,2925,1610,526,287,948,1297,4784,2348,1819,1361,653,215
PHO,1994,42,1267,603,87,149,236,127,45,21,75,100,474,228,158,121,71,25,703,18629,8325,1130,2517,3647,1850,651,321,1150,1680,6376,3115,2319,1782,888,311
PHO,1995,42,1124,506,79,140,219,114,37,20,65,100,398,192,141,106,40,13,587,15747,7120,1004,2153,3157,1465,521,314,954,1331,5522,2696,1999,1520,602,206
PHO,1996,39,1049,438,61,115,177,106,33,17,63,92,354,163,114,85,75,26,621,16437,7015,859,2008,2868,1802,538,285,1004,1383,5712,2668,1800,1389,820,290
PHO,1997,36,1105,496,54,117,171,114,38,20,69,91,402,181,123,92,109,40,628,17713,8082,833,1997,2831,2130,626,380,1178,1507,6633,3037,2079,1577,1198,429
PHO,1998,36,918,378,46,104,151,99,34,18,61,82,321,144,90,68,64,21,495,12704,5429,649,1558,2208,1280,481,273,847,1189,4712,2078,1279,958,915,314
PHO,1999,26,727,286,41,84,125,84,27,13,48,61,243,108,78,57,38,12,594,16198,6955,826,2059,2885,1847,630,413,1127,1493,5796,2630,1837,1366,974,328
PHO,2000,32,881,343,48,97,146,101,35,14,54,75,287,129,87,65,52,18,582,15363,6111,771,1932,2704,1662,618,324,976,1348,5232,2326,1532,1124,982,335
PHO,2001,37,943,352,52,116,168,98,35,22,54,79,293,134,91,68,44,14,461,12852,5131,544,1511,2055,1423,489,249,757,1001,4295,1957,1271,952,782,264
PHO,2002,46,1174,440,73,157,230,104,41,30,66,107,384,175,104,76,38,12,446,11847,4769,613,1527,2141,1229,471,280,744,1034,3979,1824,1284,946,555,181
PHO,2003,44,1134,447,61,137,198,120,40,20,72,103,394,174,104,78,61,20,368,9875,4171,491,1288,1780,1126,378,202,667,904,3501,1591,1106,827,503,167
POR,1985,41,1158,580,71,129,200,126,43,26,82,111,446,228,157,121,10,2,635,17351,8410,909,2140,3110,2079,691,374,1182,1600,6732,3235,2279,1748,562,189
POR,1986,36,918,446,59,106,166,91,34,23,68,100,339,172,127,99,10,2,490,12990,6482,722,1632,2402,1394,477,282,903,1299,5141,2495,1764,1347,421,142
POR,1987,40,951,457,56,102,158,108,37,16,70,104,345,173,135,105,14,4,544,13984,6833,650,1608,2309,1608,534,247,922,1330,5479,2651,1745,1354,513,174
POR,1988,37,919,437,55,101,156,118,36,16,67,92,334,167,125,97,16,5,545,13345,6242,735,1652,2388,1495,503,286,907,1320,4975,2394,1664,1284,490,168
POR,1989,42,1260,620,95,165,261,139,50,26,83,125,498,243,167,126,24,7,802,21360,9494,1396,2799,4195,2069,800,511,1381,2208,7735,3653,2561,1886,861,302
POR,1990,45,1247,610,89,145,235,135,48,24,83,125,498,236,161,123,43,14,902,23957,11187,1444,2932,4376,2499,912,505,1609,2400,9035,4326,2855,2151,1080,382
POR,1991,45,1192,552,85,140,225,131,44,23,77,118,441,209,156,117,48,17,811,20974,9184,1294,2633,3927,2303,808,464,1415,2126,7442,3502,2486,1845,951,334
POR,1992,43,1190,533,85,137,222,140,45,21,79,115,419,202,152,114,42,14,785,20814,9135,1230,2541,3772,2329,808,377,1396,1963,7343,3439,2577,1903,1006,353
POR,1993,41,1185,528,92,145,238,123,44,30,70,111,431,202,150,109,42,14,798,20989,9040,1318,2611,3929,2273,812,449,1348,1984,7383,3429,2527,1816,1041,365
POR,1994,36,948,411,68,120,188,93,32,19,55,89,340,158,115,83,30,10,898,23754,10301,1503,3093,4596,2430,842,486,1549,2339,8292,3934,2940,2101,945,330
POR,1995,33,904,376,62,115,177,82,30,24,55,84,317,147,103,71,31,10,565,14337,5729,922,1976,2899,1337,481,359,918,1379,4722,2205,1690,1148,501,169
POR,1996,39,1011,443,59,111,170,90,33,20,67,96,363,163,125,89,76,26,474,11733,4880,606,1464,2071,1097,410,308,748,1116,4142,1872,1325,939,574,196
POR,1997,36,928,413,48,102,150,93,29,18,66,88,327,153,108,81,70,25,557,13765,5582,682,1769,2451,1424,451,346,906,1325,4675,2138,1455,1067,685,237
POR,1998,35,963,404,47,110,158,104,31,19,69,86,333,148,105,79,79,27,640,16704,6878,758,2071,2829,1784,560,345,1144,1491,5831,2622,1696,1273,1033,360
POR,1999,31,860,352,52,102,155,91,28,16,55,75,282,128,102,78,50,16,737,19922,8540,989,2618,3607,2199,720,398,1338,1816,6959,3214,2282,1733,1092,376
POR,2000,36,988,399,64,123,187,101,33,21,63,91,322,146,119,90,47,16,753,20786,8861,1149,2728,3878,2492,801,435,1452,1863,7105,3323,2536,1872,1000,342
POR,2001,40,1069,445,70,133,203,97,39,22,70,97,363,168,121,90,52,17,592,15768,6454,971,2181,3152,1471,588,404,1012,1424,5274,2462,1757,1242,811,285
POR,2002,39,1137,457,55,125,181,122,38,19,63,87,381,174,110,83,73,25,529,14728,5927,816,1984,2801,1505,529,355,902,1260,4936,2285,1527,1081,818,274
POR,2003,43,1166,474,62,145,208,96,35,25,66,90,397,181,117,87,67,24,354,9711,3986,491,1244,1735,779,298,252,560,791,3299,1519,1005,742,568,205
SAC,1985,52,1348,637,81,160,241,158,48,25,106,150,511,249,172,135,13,3,712,18151,8359,1067,2231,3298,2025,622,339,1341,1819,6836,3252,2169,1699,504,155
SAC,1986,47,1240,592,80,159,239,137,38,26,102,135,460,231,165,128,7,1,533,13077,6061,852,1698,2550,1207,383,265,950,1366,4918,2391,1568,1205,246,73
SAC,1987,47,1130,502,75,151,227,113,35,32,84,120,400,195,141,105,18,5,545,12979,5591,844,1663,2508,1260,408,302,936,1329,4456,2187,1490,1121,287,95
SAC,1988,53,1432,582,89,166,256,143,40,28,86,135,469,231,141,109,30,11,561,13008,5207,703,1585,2289,1251,384,252,769,1289,4268,2066,1176,914,436,160
SAC,1989,43,1128,460,63,120,184,132,34,23,74,106,382,180,105,82,45,16,465,11487,4789,595,1356,1951,1179,321,271,714,1166,3937,1910,1090,829,380,139
SAC,1990,43,828,327,42,96,139,77,22,15,50,97,279,132,77,58,16,4,424,8893,3607,491,1081,1573,832,264,227,572,1043,3065,1452,888,652,157,49
SAC,1991,48,1312,603,62,137,200,128,45,23,82,113,497,233,154,121,43,14,433,9698,4234,457,1047,1504,967,350,175,640,953,3519,1617,1096,851,409,147
SAC,1992,45,1151,494,60,136,197,113,40,29,73,104,408,189,128,98,47,16,558,12726,5378,657,1490,2148,1196,452,242,821,1287,4365,2019,1432,1109,630,229
SAC,1993,57,1443,633,76,170,246,150,51,36,96,140,529,248,158,119,49,17,489,11308,4792,614,1351,1966,1049,373,250,734,1151,3991,1838,1238,928,509,186
SAC,1994,49,1347,596,74,148,222,152,49,23,98,130,494,223,172,130,56,18,477,11620,4715,662,1476,2139,1065,390,240,764,1165,3860,1778,1313,972,509,185
SAC,1995,55,1403,592,86,167,254,117,47,28,93,140,489,227,164,116,62,21,564,14326,5976,876,1819,2696,1101,470,274,898,1459,4877,2290,1635,1200,540,196
SAC,1996,44,1120,471,64,129,193,101,32,22,74,110,385,179,125,88,60,22,497,12484,5332,751,1543,2295,1013,371,236,783,1210,4436,2081,1385,1014,436,155
SAC,1997,46,1254,538,73,149,223,115,35,17,84,125,430,202,143,102,79,31,462,11524,4991,729,1471,2200,946,324,168,754,1128,4044,1931,1367,979,411,148
SAC,1998,45,1089,458,68,136,204,107,39,32,76,106,389,180,117,78,59,19,487,12122,5185,604,1625,2229,1284,448,313,827,1114,4319,1982,1299,940,818,278
SAC,1999,33,861,352,48,103,152,77,31,16,52,71,306,136,87,59,61,19,613,15479,6628,812,2087,2899,1480,594,328,946,1383,5578,2563,1573,1153,1002,347
SAC,2000,32,840,351,45,105,151,93,35,16,56,67,301,130,86,64,79,25,530,14146,6047,652,1917,2569,1537,596,313,908,1165,5046,2286,1444,1067,1148,406
SAC,2001,41,1083,466,61,142,203,118,42,23,69,92,389,177,118,90,60,21,513,13539,5798,684,1894,2579,1421,535,326,880,1177,4777,2218,1445,1068,814,293
SAC,2002,41,1088,452,63,136,199,105,38,21,65,90,378,171,113,85,64,23,508,13970,5967,668,1895,2563,1449,517,322,910,1165,4989,2276,1428,1066,959,348
SAC,2003,41,1167,503,67,141,209,116,42,19,65,93,412,191,122,94,73,26,519,14455,6226,729,2020,2749,1469,567,333,909,1262,5159,2383,1524,1139,883,319
SAS,1985,44,1064,438,64,135,200,130,38,23,80,120,354,173,119,88,12,3,537,13236,5727,711,1698,2574,1477,526,288,980,1423,4743,2285,1456,1086,236,70
SAS,1986,39,1049,493,66,138,204,114,41,22,79,104,389,196,133,97,9,2,537,14060,6167,823,1937,2935,1382,523,311,976,1420,5109,2483,1545,1136,206,63
SAS,1987,39,937,412,52,99,152,114,40,13,63,90,351,165,96,74,24,7,398,9102,3806,555,1138,1693,1016,369,182,627,965,3211,1538,923,674,179,54
SAS,1988,39,863,390,56,108,164,91,36,19,63,100,334,155,102,77,11,3,419,10231,4428,585,1276,1861,1050,422,179,749,1067,3735,1757,1097,820,307,93
SAS,1989,43,1054,470,59,112,172,125,43,22,77,109,398,187,122,91,16,4,607,17022,7724,786,2106,2893,2228,752,421,1192,1513,6303,2985,2119,1574,570,179
SAS,1990,37,896,430,62,106,169,104,39,22,69,93,356,168,118,89,13,3,631,16392,7169,930,2137,3068,1928,613,415,1141,1537,5852,2769,2079,1534,322,96
SAS,1991,41,1042,488,65,119,185,116,38,25,70,97,398,190,132,99,22,6,632,15250,6765,830,1786,2617,1805,559,358,1021,1444,5516,2625,1891,1398,351,116
SAS,1992,41,1114,514,83,157,240,81,35,35,69,111,414,202,135,101,23,7,677,17325,7766,1089,2270,3359,1441,548,424,1046,1703,6272,3028,2029,1499,572,209
SAS,1993,38,1004,444,76,157,233,82,29,32,60,92,362,174,112,82,38,13,698,17909,8224,1172,2484,3657,1590,574,457,1123,1745,6613,3173,2180,1629,693,247
SAS,1994,38,1051,425,64,141,205,127,33,23,66,86,347,163,117,87,34,11,660,17810,7579,996,2467,3463,1954,614,382,1136,1665,6156,2922,2031,1499,682,235
SAS,1995,42,1060,459,59,118,177,98,34,30,64,104,362,173,129,94,48,17,664,16416,6923,855,2129,2985,1665,569,470,1044,1581,5549,2639,1967,1436,598,208
SAS,1996,37,981,441,54,106,161,100,31,26,62,85,345,164,127,93,54,19,481,12081,5598,692,1521,2213,1113,409,336,777,1026,4485,2107,1653,1226,479,156
SAS,1997,39,971,395,50,108,158,100,31,23,57,86,315,148,105,76,59,22,612,14970,6593,780,2082,2863,1439,457,466,972,1345,5271,2512,1856,1350,622,218
SAS,1998,40,1052,381,56,113,170,103,33,24,60,87,299,142,106,76,55,20,622,15387,6587,832,2086,2919,1515,523,485,928,1296,5104,2463,2006,1470,526,190
SAS,1999,36,896,345,51,97,148,84,27,23,54,75,278,129,101,72,42,14,724,17921,7567,888,2325,3213,1917,617,499,1091,1514,5863,2804,2275,1693,721,265
SAS,2000,35,856,356,48,103,151,80,26,23,53,72,285,131,105,78,42,15,630,15892,6846,655,1986,2642,1820,522,418,975,1210,5320,2514,1989,1511,820,306
SAS,2001,43,1088,442,64,141,205,82,31,33,60,100,344,161,131,97,58,22,578,14828,6539,705,1950,2656,1488,487,432,926,1277,5080,2386,1930,1454,870,313
SAS,2002,41,1049,423,65,135,200,72,32,31,58,93,341,155,125,92,54,19,529,13987,6293,794,1999,2818,1104,432,408,848,1233,4963,2337,1812,1349,732,269
SAS,2003,43,1133,423,74,142,216,105,35,31,65,102,356,160,111,81,59,20,423,10930,4262,630,1618,2248,905,366,285,671,1026,3618,1655,1094,783,492,169
SEA,1985,52,1379,609,79,156,235,137,44,27,97,147,488,237,167,131,16,3,586,14480,6440,870,1938,2816,1339,488,358,992,1609,5250,2484,1760,1379,296,92
SEA,1986,49,1162,519,75,136,212,126,38,23,91,130,425,203,138,103,26,8,590,14080,6353,755,1640,2395,1476,516,283,999,1507,5253,2489,1573,1181,537,194
SEA,1987,45,1065,485,78,118,196,105,39,25,75,116,395,190,127,95,28,9,781,18826,8010,1148,2294,3443,1744,667,413,1207,2002,6598,3158,1983,1463,644,229
SEA,1988,41,1048,477,83,129,213,113,40,24,71,107,386,186,128,92,30,10,816,20703,8144,1229,2441,3671,2293,800,382,1249,1951,6831,3273,1934,1387,595,210
SEA,1989,40,1002,477,72,107,180,98,38,19,69,100,386,186,130,94,26,9,776,19646,8310,1200,2321,3521,1933,733,359,1275,1920,6739,3269,2106,1526,664,245
SEA,1990,50,1338,667,87,153,241,118,47,28,90,129,534,261,165,126,48,18,905,24257,11037,1439,2919,4358,2328,890,468,1564,2264,9022,4338,2668,2015,972,345
SEA,1991,40,1003,447,66,120,186,95,37,23,69,101,357,172,118,91,32,11,741,19512,8830,1103,2346,3450,2068,775,383,1317,1844,7141,3410,2287,1752,750,256
SEA,1992,38,987,429,68,111,180,91,36,22,62,96,343,165,115,90,27,8,790,21177,9361,1216,2645,3862,2133,816,447,1341,1960,7494,3576,2448,1891,913,317
SEA,1993,40,1171,520,87,146,234,126,50,24,73,116,413,198,150,116,26,7,727,19699,8258,1202,2616,3819,2022,803,406,1191,1912,6536,3099,2381,1813,727,244
SEA,1994,37,951,408,64,112,177,105,45,19,60,102,325,154,121,91,26,8,686,18548,7910,1078,2496,3574,1978,743,399,1200,1881,6179,2935,2385,1806,689,233
SEA,1995,37,1017,446,56,117,173,112,48,19,62,98,335,164,125,96,58,21,774,20822,8473,1073,2639,3712,2422,886,394,1338,2032,6614,3124,2473,1903,915,322
SEA,1996,38,926,394,55,104,159,90,40,19,60,89,299,143,109,82,67,25,705,18840,8027,1025,2339,3364,2134,804,352,1208,1792,6430,3016,2229,1695,844,298
SEA,1997,45,1220,507,62,121,184,124,51,21,69,104,403,184,129,97,110,40,747,20054,8382,980,2238,3219,2247,825,339,1197,1844,6748,3141,2243,1696,1115,402
SEA,1998,42,1268,559,74,146,221,126,46,17,76,101,446,211,139,102,94,35,614,16625,7393,915,1999,2914,1562,564,251,1007,1457,5917,2811,1926,1420,946,349
SEA,1999,34,869,349,48,94,142,80,29,15,48,75,302,135,83,56,68,22,553,15457,6491,768,1829,2598,1590,550,253,911,1279,5473,2536,1464,1034,1107,384
SEA,2000,32,835,372,52,106,159,79,29,18,54,74,310,141,100,69,60,20,521,14752,6760,747,1958,2706,1447,541,421,990,1296,5484,2624,1756,1266,700,245
SEA,2001,38,989,430,46,114,161,109,33,15,60,84,362,163,95,71,83,32,367,9698,4071,409,1100,1510,1075,367,179,586,840,3423,1572,952,687,666,238
SEA,2002,39,1072,430,53,131,184,90,37,21,57,94,345,159,102,81,73,30,418,10671,4390,461,1303,1764,983,361,228,618,970,3630,1618,1137,873,739,280
SEA,2003,40,1009,386,49,119,169,79,34,17,51,86,310,140,86,67,97,37,321,7969,3250,320,924,1245,703,265,126,458,686,2631,1184,737,579,787,302
TOR,1985,0,0,0,0,0,0,0,0,0,0,0,0,0,0,0,0,0,0,0,0,0,0,0,0,0,0,0,0,0,0,0,0,0,0
TOR,1986,0,0,0,0,0,0,0,0,0,0,0,0,0,0,0,0,0,0,0,0,0,0,0,0,0,0,0,0,0,0,0,0,0,0
TOR,1987,0,0,0,0,0,0,0,0,0,0,0,0,0,0,0,0,0,0,0,0,0,0,0,0,0,0,0,0,0,0,0,0,0,0
TOR,1988,0,0,0,0,0,0,0,0,0,0,0,0,0,0,0,0,0,0,0,0,0,0,0,0,0,0,0,0,0,0,0,0,0,0
TOR,1989,0,0,0,0,0,0,0,0,0,0,0,0,0,0,0,0,0,0,0,0,0,0,0,0,0,0,0,0,0,0,0,0,0,0
TOR,1990,0,0,0,0,0,0,0,0,0,0,0,0,0,0,0,0,0,0,0,0,0,0,0,0,0,0,0,0,0,0,0,0,0,0
TOR,1991,0,0,0,0,0,0,0,0,0,0,0,0,0,0,0,0,0,0,0,0,0,0,0,0,0,0,0,0,0,0,0,0,0,0
TOR,1992,0,0,0,0,0,0,0,0,0,0,0,0,0,0,0,0,0,0,0,0,0,0,0,0,0,0,0,0,0,0,0,0,0,0
TOR,1993,0,0,0,0,0,0,0,0,0,0,0,0,0,0,0,0,0,0,0,0,0,0,0,0,0,0,0,0,0,0,0,0,0,0
TOR,1994,0,0,0,0,0,0,0,0,0,0,0,0,0,0,0,0,0,0,0,0,0,0,0,0,0,0,0,0,0,0,0,0,0,0
TOR,1995,40,788,275,56,107,164,49,24,32,49,95,226,108,78,54,13,4,445,10880,4259,618,1353,1971,1040,433,321,734,1096,3563,1648,1082,800,464,160
TOR,1996,44,990,395,71,136,207,71,26,29,67,107,327,154,94,64,53,21,436,10362,4061,585,1332,1918,868,348,309,670,1015,3470,1579,955,699,555,204
TOR,1997,44,1106,444,68,134,202,94,36,29,74,109,373,171,109,76,69,25,376,9329,3795,464,1114,1578,970,340,225,589,860,3204,1422,966,719,651,231
TOR,1998,44,1159,432,81,163,245,75,46,28,72,117,362,166,116,85,40,14,469,12610,5328,787,1770,2558,1227,486,228,825,1190,4436,2020,1426,1089,570,197
TOR,1999,37,944,342,64,123,187,69,35,24,55,89,287,128,93,70,44,15,594,16241,6583,932,2205,3137,1696,618,279,991,1440,5567,2527,1627,1243,790,284
TOR,2000,37,866,303,54,107,161,82,26,16,47,87,256,114,79,59,39,14,649,16928,6410,1003,2291,3294,1801,589,256,1026,1579,5439,2495,1570,1173,686,245
TOR,2001,34,782,323,51,99,150,63,23,22,41,77,271,122,84,62,44,17,468,11800,5283,698,1716,2415,919,421,423,718,1143,4373,2034,1352,988,606,226
TOR,2002,35,858,351,49,86,135,76,29,17,42,73,310,132,82,60,67,24,314,7512,2894,355,901,1257,606,247,136,393,693,2494,1076,744,544,537,197
TOR,2003,44,1133,430,56,127,183,103,36,18,64,98,378,165,104,79,58,20,402,10068,3977,482,1228,1710,1025,344,178,616,880,3367,1491,1113,825,483,168
UTA,1985,39,906,373,58,116,174,97,28,36,62,96,288,142,112,88,3,0,727,19339,9024,999,2534,3534,2525,729,502,1384,1779,6757,3382,2811,2172,257,87
UTA,1986,39,1021,437,57,126,183,116,38,38,74,101,365,173,114,86,13,4,854,23284,11088,1060,2918,3978,3074,952,604,1681,2054,8775,4265,2980,2299,707,258
UTA,1987,40,986,440,59,123,182,107,38,35,71,100,361,173,122,89,13,4,662,17860,8482,848,2330,3179,2355,700,521,1340,1668,6574,3247,2440,1860,370,126
UTA,1988,37,923,421,63,118,181,95,33,31,65,95,342,164,118,85,17,5,571,14620,6712,728,2033,2761,1886,553,430,1070,1393,5193,2544,1994,1498,357,125
UTA,1989,42,1170,541,71,151,223,133,43,37,87,110,417,204,163,124,22,7,574,15157,6993,728,2055,2783,1956,585,436,1102,1420,5436,2662,2019,1523,417,145
UTA,1990,41,1132,557,59,138,197,123,39,29,81,102,431,213,156,122,24,7,615,17135,8259,810,2234,3045,2049,622,443,1223,1546,6522,3194,2266,1740,383,130
UTA,1991,44,1262,575,67,154,222,144,44,29,82,115,444,221,162,127,17,5,721,19642,8931,952,2579,3531,2357,739,502,1340,1768,7029,3411,2541,1959,445,149
UTA,1992,43,1264,564,74,154,228,150,43,26,78,109,434,212,164,129,28,9,710,19109,8322,955,2589,3544,2288,691,470,1266,1730,6416,3152,2431,1869,424,147
UTA,1993,43,1181,578,62,129,191,151,47,17,77,108,456,219,159,127,38,13,603,16504,7854,728,1945,2673,2124,668,228,1103,1530,6063,2948,2245,1768,535,189
UTA,1994,40,1020,452,60,119,179,118,39,19,65,109,357,171,131,99,34,11,794,21280,9717,1032,2731,3763,2634,822,408,1452,2076,7304,3611,2902,2254,672,240
UTA,1995,36,935,418,58,115,173,108,36,20,58,91,315,155,123,92,41,14,760,19012,8402,973,2427,3400,2441,763,416,1281,1913,6372,3113,2502,1911,741,264
UTA,1996,39,890,406,49,94,144,111,35,16,56,86,303,150,113,86,48,18,695,17463,7800,822,2152,2975,2329,725,350,1198,1688,5916,2889,2296,1758,735,262
UTA,1997,46,1051,452,64,109,173,120,37,21,62,104,339,166,129,99,51,19,786,19811,8732,890,2376,3266,2679,803,374,1359,1883,6680,3235,2545,1958,855,303
UTA,1998,47,1128,471,72,124,196,123,38,21,69,108,348,170,146,113,44,17,744,18925,8295,845,2388,3233,2530,744,367,1290,1721,6344,3081,2456,1889,666,243
UTA,1999,38,979,390,63,117,180,101,32,20,60,89,296,140,125,95,34,13,813,20902,9132,1107,2798,3906,2696,827,381,1395,1916,6924,3404,2724,2057,713,265
UTA,2000,36,914,363,56,118,175,90,31,23,52,90,299,134,105,78,42,14,741,19043,8538,992,2596,3588,2370,756,399,1288,1850,6649,3200,2480,1833,862,303
UTA,2001,39,950,407,50,117,168,100,32,22,58,91,326,147,124,94,46,17,594,15608,7155,709,2090,2800,2131,659,340,1084,1442,5468,2599,2210,1663,829,293
UTA,2002,41,966,376,56,121,178,109,32,22,62,91,303,139,118,89,25,8,651,17947,7803,814,2337,3151,2809,721,335,1295,1560,5980,2906,2405,1801,549,187
UTA,2003,36,769,274,53,95,149,40,22,28,42,79,225,105,78,56,24,7,264,5993,2167,361,849,1211,426,185,200,364,628,1810,824,634,459,184,59
WAS,1985,0,0,0,0,0,0,0,0,0,0,0,0,0,0,0,0,0,0,0,0,0,0,0,0,0,0,0,0,0,0,0,0,0,0
WAS,1986,0,0,0,0,0,0,0,0,0,0,0,0,0,0,0,0,0,0,0,0,0,0,0,0,0,0,0,0,0,0,0,0,0,0
WAS,1987,0,0,0,0,0,0,0,0,0,0,0,0,0,0,0,0,0,0,0,0,0,0,0,0,0,0,0,0,0,0,0,0,0,0
WAS,1988,0,0,0,0,0,0,0,0,0,0,0,0,0,0,0,0,0,0,0,0,0,0,0,0,0,0,0,0,0,0,0,0,0,0
WAS,1989,0,0,0,0,0,0,0,0,0,0,0,0,0,0,0,0,0,0,0,0,0,0,0,0,0,0,0,0,0,0,0,0,0,0
WAS,1990,0,0,0,0,0,0,0,0,0,0,0,0,0,0,0,0,0,0,0,0,0,0,0,0,0,0,0,0,0,0,0,0,0,0
WAS,1991,0,0,0,0,0,0,0,0,0,0,0,0,0,0,0,0,0,0,0,0,0,0,0,0,0,0,0,0,0,0,0,0,0,0
WAS,1992,0,0,0,0,0,0,0,0,0,0,0,0,0,0,0,0,0,0,0,0,0,0,0,0,0,0,0,0,0,0,0,0,0,0
WAS,1993,0,0,0,0,0,0,0,0,0,0,0,0,0,0,0,0,0,0,0,0,0,0,0,0,0,0,0,0,0,0,0,0,0,0
WAS,1994,0,0,0,0,0,0,0,0,0,0,0,0,0,0,0,0,0,0,0,0,0,0,0,0,0,0,0,0,0,0,0,0,0,0
WAS,1995,0,0,0,0,0,0,0,0,0,0,0,0,0,0,0,0,0,0,0,0,0,0,0,0,0,0,0,0,0,0,0,0,0,0
WAS,1996,0,0,0,0,0,0,0,0,0,0,0,0,0,0,0,0,0,0,0,0,0,0,0,0,0,0,0,0,0,0,0,0,0,0
WAS,1997,39,1076,452,54,114,168,109,35,17,67,90,375,176,107,76,62,23,506,13089,5329,724,1707,2432,1308,440,285,782,1149,4588,2118,1354,935,453,156
WAS,1998,47,1357,598,64,145,209,141,45,14,84,114,486,223,163,123,76,27,560,15627,6653,811,1985,2797,1565,485,243,993,1357,5424,2545,1818,1321,660,240
WAS,1999,39,914,394,48,98,146,99,31,14,62,83,323,143,119,90,51,17,480,11741,5131,591,1389,1981,1238,384,208,808,1118,4205,1923,1451,1096,522,189
WAS,2000,44,994,382,49,114,163,86,32,13,60,98,327,144,101,75,47,17,441,11390,4863,577,1435,2012,1128,369,162,741,1042,4013,1845,1313,1008,450,163
WAS,2001,52,1209,492,61,135,196,95,34,20,76,129,416,184,124,95,76,28,447,11813,5753,563,1483,2047,1105,430,229,727,1080,4590,2155,1568,1249,541,194
WAS,2002,48,1269,531,67,161,228,121,43,26,88,116,459,192,160,122,71,23,474,13478,6284,753,1857,2611,1242,536,254,909,1238,4977,2295,1905,1492,610,200
WAS,2003,52,1250,491,63,143,207,134,43,27,83,116,403,175,155,118,65,21,322,8060,3409,371,953,1325,842,304,163,595,763,2774,1205,1116,849,469,150
