Team,Season,team_o_fgm,team_o_fga,team_o_ftm,team_o_fta,team_o_oreb,team_o_dreb,team_o_reb,team_o_asts,team_o_pf,team_o_stl,team_o_to,team_o_blk,team_o_3pm,team_o_pts,team_d_fgm,team_d_fga,team_d_ftm,team_d_fta,team_d_oreb,team_d_dreb,team_d_reb,team_d_asts,team_d_pf,team_d_stl,team_d_to,team_d_blk,team_d_3pm,team_d_pts,team_pace,prev_winrate,win_rate,Class
ATL,1985,3337,6964,1810,2392,1136,2288,3425,1918,2069,645,1402,549,48,8532,3390,7056,1821,2382,1261,2410,3672,2056,2029,626,1448,398,42,8644,100.16553,0.451219512195,0.609756097561,6
ATL,1986,3445,7074,1880,2537,1205,2375,3580,2017,2108,700,1479,487,53,8824,3432,7170,1856,2446,1267,2370,3637,2016,2050,685,1491,372,66,8787,102.35314,0.512195121951,0.69512195122,6
ATL,1987,3441,7085,1999,2682,1299,2441,3741,2051,2161,718,1381,472,84,8965,3259,7036,1946,2553,1199,2303,3502,1931,2081,658,1404,378,107,8571,100.9986035,0.65243902439,0.609756097561,6
ATL,1988,3439,7121,1946,2551,1289,2428,3717,2069,2101,667,1252,524,110,8934,3200,6941,1957,2539,1176,2315,3491,1946,2021,629,1318,369,132,8490,99.1641925,0.65243902439,0.634146341463,6
ATL,1989,3427,7166,2020,2575,1300,2347,3647,2026,1965,726,1267,505,97,8973,3303,7004,1876,2404,1208,2339,3547,2006,2058,663,1404,350,141,8624,99.873614,0.621951219512,0.5,5
ATL,1990,3414,7124,2055,2626,1322,2251,3574,1905,1875,767,1290,413,117,9001,3400,7029,1793,2304,1206,2280,3486,2090,2035,679,1390,368,164,8758,99.5740835,0.567073170732,0.524390243902,5
ATL,1991,3383,7121,1988,2544,1254,2303,3557,1842,1819,723,1250,363,197,8952,3503,7077,1673,2174,1115,2367,3483,2232,1997,680,1292,375,199,8878,99.4048585,0.512195121951,0.463414634146,4
ATL,1992,3420,7349,1775,2309,1261,2459,3720,1993,1769,761,1243,347,240,8857,3545,7280,1562,2037,1120,2522,3642,2244,1883,699,1272,377,234,8887,100.786105,0.493902439024,0.524390243902,5
ATL,1993,3442,7374,1582,2147,1289,2421,3710,2103,1789,799,1297,299,296,8762,3516,7208,1561,2049,1120,2479,3599,2178,1806,723,1308,378,266,8859,100.474845,0.493902439024,0.69512195122,6
ATL,1994,3319,7155,1602,2145,1270,2383,3653,2070,1716,860,1295,363,325,8566,3336,7014,1435,1912,1118,2385,3504,2043,1801,688,1414,350,278,8385,98.367616,0.609756097561,0.512195121951,5
ATL,1995,3116,6859,1483,2009,1177,2347,3524,1906,1714,826,1236,430,403,8119,3082,6719,1339,1825,1104,2374,3478,1815,1768,624,1412,329,347,7851,94.486778,0.603658536585,0.560975609756,5
ATL,1996,2985,6672,1466,1980,1143,2210,3353,1683,1759,754,1224,365,552,7990,3022,6452,1393,1892,1052,2341,3394,1787,1811,594,1382,329,449,7887,92.1025005,0.536585365854,0.682926829268,6
ATL,1997,2898,6486,1507,1983,1101,2249,3350,1583,1652,736,1228,373,612,7916,2924,6435,1313,1770,1049,2258,3308,1753,1777,592,1336,335,482,7643,90.5708805,0.621951219512,0.609756097561,6
ATL,1998,2849,6329,1620,2134,1063,2384,3447,1563,1631,677,1221,459,498,7817,2882,6574,1268,1724,1063,2188,3251,1709,1819,611,1192,352,416,7450,89.9875335,0.646341463415,0.62,6
ATL,1999,2213,5056,1394,1868,890,1958,2849,1175,1329,499,979,375,267,6087,2279,5285,1043,1424,831,1760,2591,1324,1547,498,896,307,269,5871,89.393299,0.61487804878,0.341463414634,3
ATL,2000,2269,5283,1258,1704,911,2034,2945,1165,1352,423,1005,363,227,6025,2404,5466,1082,1436,816,1921,2738,1390,1516,517,838,321,281,6173,91.226627,0.480731707317,0.30487804878,3
ATL,2001,2938,6737,1425,1899,1087,2530,3617,1553,1790,567,1279,426,295,7597,3066,6834,1513,1974,1040,2504,3544,1811,1762,676,1079,456,384,8031,93.7232055,0.323170731707,0.40243902439,4
ATL,2002,2888,6639,1430,1876,991,2467,3459,1607,1782,650,1247,368,378,7585,2993,6641,1551,2054,1016,2528,3544,1796,1671,700,1167,510,434,7972,93.178055,0.353658536585,0.426829268293,4
ATL,2003,2880,6522,1540,1976,946,2501,3447,1667,1742,639,1253,412,412,7712,3040,6790,1493,1984,1038,2471,3508,1813,1657,720,1098,453,459,8032,93.2156905,0.414634146341,0.341463414634,3
ATL,2004,2844,6481,1564,1993,967,2532,3499,1663,1804,619,1291,441,410,7662,2991,6823,1552,2042,1060,2452,3512,1787,1683,734,1053,404,464,7999,93.017658,0.384146341463,0.158536585366,1
BOS,1985,3668,7280,1883,2357,1137,2584,3721,2204,1865,659,1376,422,82,9303,3552,7507,1585,2032,1103,2257,3360,1999,2027,672,1275,321,71,8761,103.526485,0.762195121951,0.817073170732,8
BOS,1986,3719,7318,1822,2277,1085,2691,3776,2337,1768,643,1346,462,124,9385,3543,7559,1564,2042,1097,2302,3399,1982,1965,683,1240,328,76,8727,103.844995,0.792682926829,0.719512195122,7
BOS,1987,3681,7181,1762,2200,993,2669,3662,2404,1733,601,1330,518,172,9298,3457,7488,1622,2155,1163,2302,3465,1992,1938,723,1207,339,103,8639,102.54159,0.768292682927,0.69512195122,6
BOS,1988,3622,6978,1793,2226,931,2512,3444,2434,1757,590,1302,470,239,9276,3483,7380,1676,2198,1179,2240,3420,2060,1950,728,1166,342,117,8760,100.701735,0.707317073171,0.512195121951,5
BOS,1989,3559,7024,1843,2324,1054,2441,3495,2318,1840,629,1320,416,174,9136,3486,7221,1752,2271,1085,2208,3293,2092,1969,748,1183,366,121,8845,100.51885,0.603658536585,0.634146341463,6
BOS,1990,3541,7145,1815,2251,1122,2574,3697,2306,1796,589,1296,436,92,8990,3456,7283,1714,2213,1047,2270,3317,2101,1897,749,1097,371,152,8779,100.426015,0.573170731707,0.682926829268,6
BOS,1991,3629,7181,1718,2075,1077,2702,3779,2291,1706,605,1288,510,107,9084,3428,7471,1643,2108,1119,2261,3380,2065,1752,737,1065,368,181,8682,100.627635,0.658536585366,0.621951219512,6
BOS,1992,3619,7205,1597,1957,1091,2640,3731,2116,1690,654,1242,524,109,8945,3371,7426,1620,2084,1185,2268,3453,1987,1647,709,1120,397,196,8558,99.695684,0.65243902439,0.585365853659,5
BOS,1993,3498,7144,1517,1914,1085,2509,3595,2035,1774,641,1169,471,110,8623,3277,7136,1675,2176,1136,2355,3491,1947,1655,658,1147,400,208,8438,97.7677115,0.603658536585,0.390243902439,3
BOS,1994,3393,7075,1474,1957,1056,2408,3464,1963,1855,660,1208,449,124,8384,3294,7007,1711,2243,1112,2443,3555,2030,1707,663,1227,400,223,8523,97.887985,0.487804878049,0.426829268293,4
BOS,1995,3256,6952,1585,2135,1096,2350,3446,1855,1912,643,1273,400,250,8347,3330,6927,1637,2221,1097,2421,3519,2044,1830,671,1252,434,303,8600,97.4748345,0.408536585366,0.40243902439,4
BOS,1996,3171,6894,1669,2276,1103,2373,3476,1787,2008,632,1303,383,450,8461,3299,6838,1684,2295,1052,2462,3514,1957,1943,660,1273,471,395,8678,97.7007485,0.414634146341,0.182926829268,1
BOS,1997,3114,6954,1639,2241,1072,2307,3380,1792,1978,731,1322,360,503,8371,3330,6776,1696,2311,1022,2609,3631,2023,1896,693,1380,523,454,8811,98.760586,0.292682926829,0.439024390244,4
BOS,1998,3039,6950,1537,2081,1145,2116,3261,1804,2059,898,1336,340,441,8056,3114,6338,1839,2506,1010,2537,3547,1978,1773,708,1567,481,396,8464,97.0344815,0.310975609756,0.38,3
BOS,1999,2414,5549,1085,1520,938,1751,2689,1444,1698,720,1068,310,344,6257,2294,4938,1585,2131,828,1995,2823,1422,1360,578,1264,329,237,6411,94.9351465,0.409512195122,0.426829268293,4
BOS,2000,2435,5521,1183,1626,894,1939,2833,1407,1708,623,1033,271,345,6398,2342,5100,1523,2034,749,2039,2788,1408,1464,549,1117,365,267,6475,95.40934,0.403414634146,0.439024390244,4
BOS,2001,2913,6682,1621,2182,1002,2393,3396,1724,2087,781,1248,311,504,7952,2947,6348,1781,2370,872,2592,3464,1841,1915,644,1359,459,394,8071,95.2884255,0.432926829268,0.59756097561,5
BOS,2002,2812,6608,1559,2075,894,2468,3362,1715,1863,781,1160,314,645,7830,2866,6485,1623,2134,921,2728,3649,1843,1818,636,1304,457,472,7827,94.251068,0.518292682927,0.536585365854,5
BOS,2003,2776,6620,1489,1977,870,2520,3390,1648,1766,756,1093,298,709,7750,2800,6514,1586,2087,945,2778,3723,1813,1765,620,1270,421,488,7675,93.4999885,0.567073170732,0.439024390244,4
BOS,2004,2771,6462,1526,2044,850,2455,3305,1629,1797,745,1197,317,636,7705,2849,6538,1573,2120,1003,2637,3640,1853,1808,668,1295,387,509,7780,93.470787,0.487804878049,0.548780487805,5
CHI,1985,3379,6940,1926,2517,1107,2333,3440,2043,2133,654,1520,461,24,8708,3511,7146,1868,2432,1131,2324,3455,2140,2075,727,1418,480,64,8955,102.52865,0.396341463415,0.365853658537,3
CHI,1986,3464,7068,1951,2512,1177,2322,3499,1999,2118,615,1449,434,58,8939,3561,7174,1927,2510,1120,2311,3431,2107,2021,666,1310,469,80,9129,102.22852,0.414634146341,0.487804878049,4
CHI,1987,3429,7191,1838,2376,1264,2339,3603,2074,2044,643,1346,419,83,8779,3469,7024,1868,2441,1065,2339,3405,2099,1923,623,1283,491,92,8898,100.5397655,0.426829268293,0.609756097561,6
CHI,1988,3408,7085,1719,2237,1209,2429,3638,2146,1885,694,1260,456,67,8602,3306,6938,1702,2230,1025,2292,3317,2053,1862,590,1256,453,111,8426,98.342842,0.548780487805,0.573170731707,5
CHI,1989,3441,6991,1670,2163,1094,2456,3550,2181,1852,717,1295,425,115,8667,3318,7032,1681,2197,1050,2284,3334,2089,1830,641,1249,381,150,8469,98.7727965,0.591463414634,0.670731707317,6
CHI,1990,3489,7029,1660,2123,1046,2366,3412,2192,1880,768,1287,382,212,8851,3361,6958,1738,2291,1073,2298,3371,2104,1761,675,1333,365,198,8659,99.3005405,0.621951219512,0.743902439024,7
CHI,1991,3581,7107,1635,2125,1111,2310,3422,2192,1828,818,1215,413,202,9000,3314,6851,1669,2204,1065,2229,3294,2063,1784,649,1406,365,197,8494,98.5725055,0.707317073171,0.817073170732,8
CHI,1992,3637,7146,1596,2121,1160,2390,3551,2245,1722,747,1136,459,146,9017,3236,6927,1539,2001,1071,2166,3238,1928,1813,632,1345,350,204,8216,97.5251155,0.780487804878,0.69512195122,6
CHI,1993,3559,7186,1509,2042,1231,2361,3592,2206,1748,727,1095,445,191,8818,3172,6796,1554,2009,1060,2218,3278,1879,1765,613,1330,354,232,8132,96.089954,0.756097560976,0.670731707317,6
CHI,1994,3360,7010,1370,1905,1216,2337,3553,2117,1777,761,1204,382,238,8329,3084,6582,1527,2010,1012,2252,3264,1879,1728,662,1353,365,249,7944,94.5510825,0.682926829268,0.573170731707,5
CHI,1995,3218,6762,1405,1962,1124,2342,3467,2036,1856,768,1301,353,338,8179,2976,6470,1576,2133,1026,2246,3272,1776,1808,708,1410,371,326,7854,94.2561455,0.621951219512,0.878048780488,8
CHI,1996,3242,6801,1497,2034,1176,2352,3529,2001,1884,771,1236,348,493,8475,2901,6413,1553,2132,1024,2194,3218,1652,1874,641,1445,340,419,7775,93.84795,0.725609756098,0.841463414634,8
CHI,1997,3285,6907,1438,1926,1241,2436,3677,2087,1712,730,1142,338,533,8541,2889,6540,1364,1877,1034,2170,3205,1605,1794,609,1349,299,454,7596,92.693947,0.859756097561,0.756097560976,7
CHI,1998,3170,6862,1436,1928,1239,2449,3688,2047,1654,706,1143,342,417,8194,2847,6568,1365,1863,1052,2222,3274,1607,1753,640,1280,321,400,7460,92.054634,0.798780487805,0.26,2
CHI,1999,2301,5319,1166,1597,908,1916,2824,1484,1401,566,976,261,244,6013,2260,5134,1169,1601,783,1903,2687,1347,1424,550,1025,320,268,5958,91.203098,0.508048780488,0.207317073171,2
CHI,2000,2052,5008,1161,1637,802,1858,2661,1326,1510,541,1165,276,258,5523,2319,5091,1223,1658,775,1992,2767,1500,1520,648,1013,373,283,6145,91.080288,0.233658536585,0.182926829268,1
CHI,2001,2643,6295,1446,1999,979,2291,3271,1723,1905,660,1377,381,334,7066,2951,6363,1570,2136,978,2483,3462,1917,1859,744,1210,443,352,7825,91.3060495,0.19512195122,0.256097560976,2
CHI,2002,2766,6451,1411,1933,925,2309,3234,1813,1868,654,1183,370,314,7258,3007,6422,1583,2146,950,2552,3502,1999,1734,658,1149,412,383,7981,91.409275,0.219512195122,0.365853658537,3
CHI,2003,2901,6602,1434,1986,954,2450,3404,1799,1931,619,1249,411,324,7560,3009,6665,1677,2242,1030,2562,3593,2007,1755,725,1142,406,426,8121,93.892479,0.310975609756,0.280487804878,2
CHI,2004,2894,6733,1392,1924,1016,2530,3546,1787,1969,632,1289,427,389,7570,2936,6714,1733,2316,1064,2627,3691,1919,1739,731,1176,427,435,8041,94.8320695,0.323170731707,0.573170731707,5
CHA,1988,0,0,0,0,0,0,0,0,0,0,0,0,0,0,0,0,0,0,0,0,0,0,0,0,0,0,0,0,0,0,0,0
CHA,1989,3426,7430,1580,2060,1138,2250,3338,2323,2068,705,1318,264,134,8566,3555,7113,2040,2629,1191,2621,3812,2061,1791,710,1425,441,115,9265,102.86638,0.243902439024,0.231707317073,2
CHA,1990,3348,7306,1533,2013,1050,2230,3255,2201,1978,741,1272,263,169,8399,3496,7017,1952,2504,1127,2672,3799,2063,1772,674,1400,412,123,9069,101.580625,0.237804878049,0.317073170732,3
CHA,1991,3278,7108,1606,2090,994,2205,3200,2049,1917,768,1258,283,168,8330,3423,6918,1874,2410,1107,2613,3725,2105,1797,656,1391,432,145,8865,100.051667,0.274390243902,0.378048780488,3
CHA,1992,3449,7300,1681,2191,1095,2283,3379,2151,1882,790,1281,306,124,8704,3562,7205,1772,2341,1202,2542,3749,2255,1795,648,1399,502,181,9079,102.034877,0.34756097561,0.536585365854,5
CHA,1993,3562,7389,1734,2271,1129,2437,3567,2222,1804,730,1299,391,146,9005,3675,7596,1604,2160,1301,2492,3793,2321,1836,610,1318,481,219,9175,103.481035,0.457317073171,0.5,5
CHA,1994,3447,7155,1731,2254,1057,2491,3548,2187,1768,681,1295,433,255,8881,3548,7528,1527,2058,1283,2435,3718,2196,1842,614,1252,434,275,8900,101.466275,0.518292682927,0.609756097561,6
CHA,1995,3216,6769,1609,2088,925,2435,3360,2143,1716,672,1245,396,448,8490,3275,7083,1441,1947,1159,2416,3575,2007,1810,582,1238,399,373,8365,96.856913,0.55487804878,0.5,5
CHA,1996,3079,6528,1609,2080,909,2325,3235,1989,1750,601,1232,338,572,8340,3171,6729,1407,1908,1027,2361,3389,1973,1844,535,1215,368,479,8229,93.817486,0.55487804878,0.658536585366,6
CHA,1997,3048,6480,1586,2051,948,2277,3225,1964,1758,589,1222,313,587,8269,3155,6650,1398,1907,1015,2307,3322,1916,1805,534,1179,351,508,8216,92.52895,0.579268292683,0.621951219512,6
CHA,1998,2978,6343,1591,2085,947,2319,3267,1981,1729,644,1225,330,468,8015,3016,6533,1396,1910,1021,2257,3278,1794,1841,557,1191,353,428,7857,91.155682,0.640243902439,0.52,5
CHA,1999,2319,5031,1337,1785,732,1917,2649,1525,1429,567,1021,279,307,6283,2358,5210,1197,1635,810,1875,2685,1449,1526,512,1001,302,290,6204,91.929966,0.570975609756,0.59756097561,5
CHA,2000,2303,5125,1448,1921,682,2064,2746,1566,1385,587,1001,363,303,6358,2393,5407,1153,1556,810,2020,2831,1497,1613,523,1029,326,311,6251,94.195179,0.558780487805,0.560975609756,5
CHA,2001,2867,6517,1731,2302,958,2621,3580,1961,1711,698,1165,467,339,7805,2907,6656,1395,1858,929,2493,3422,1825,1920,610,1221,398,399,7610,93.691658,0.579268292683,0.536585365854,5
CLE,1985,3416,7298,1743,2334,1208,2416,3624,2013,2189,626,1359,423,69,8644,3460,7172,1952,2547,1096,2428,3524,2178,2003,595,1290,412,60,8932,102.52745,0.390243902439,0.353658536585,3
CLE,1986,3474,7301,1807,2408,1144,2450,3594,2080,2220,624,1399,454,114,8869,3491,7327,2040,2656,1170,2472,3643,2168,2023,661,1344,396,78,9100,104.46497,0.396341463415,0.378048780488,3
CLE,1987,3413,7180,1763,2439,1171,2437,3609,1988,2060,649,1515,497,106,8697,3495,7340,1889,2483,1192,2445,3637,2089,2010,760,1364,421,90,8971,103.96611,0.365853658537,0.512195121951,5
CLE,1988,3331,6938,1796,2496,1136,2354,3490,1991,1844,702,1529,542,104,8562,3469,7271,1637,2126,1206,2325,3532,2022,2048,751,1418,464,111,8687,101.8282985,0.44512195122,0.69512195122,6
CLE,1989,3389,6829,1817,2438,1024,2382,3406,2165,1714,762,1381,556,148,8744,3384,7223,1484,1896,1186,2269,3455,2016,1995,688,1434,406,149,8402,100.1122235,0.603658536585,0.512195121951,5
CLE,1990,3340,6940,1729,2319,1080,2427,3508,2183,1629,718,1283,549,258,8667,3401,7240,1401,1823,1174,2367,3541,2090,1931,682,1361,371,164,8368,99.080184,0.603658536585,0.40243902439,4
CLE,1991,3236,6917,1651,2188,1069,2354,3424,2173,1669,644,1262,481,253,8377,3438,7126,1454,1907,1115,2424,3540,2143,1894,695,1260,386,159,8490,97.800835,0.457317073171,0.69512195122,6
CLE,1992,3343,6941,1742,2217,1026,2389,3415,2250,1614,629,1177,535,206,8634,3477,7276,1379,1799,1166,2387,3553,2153,1884,679,1188,405,178,8512,97.649498,0.548780487805,0.658536585366,6
CLE,1993,3426,6956,1759,2189,985,2473,3458,2304,1568,615,1096,578,268,8879,3433,7332,1314,1712,1175,2377,3553,2132,1851,629,1176,391,211,8391,97.4088325,0.676829268293,0.573170731707,5
CLE,1994,3279,6809,1717,2186,1009,2424,3434,2199,1640,660,1128,481,288,8564,3250,6985,1390,1854,1087,2357,3444,2057,1812,619,1248,413,243,8134,95.8034785,0.615853658537,0.524390243902,5
CLE,1995,2944,6493,1621,2118,1067,2295,3362,1860,1697,667,1156,387,346,7856,2967,6412,1405,1884,955,2290,3245,1909,1783,592,1253,447,327,7666,90.9735185,0.548780487805,0.573170731707,5
CLE,1996,2758,6126,1431,1878,956,2146,3102,1745,1689,652,1124,344,497,7445,2738,5935,1382,1822,862,2206,3069,1815,1718,530,1247,384,454,7313,86.0844495,0.548780487805,0.512195121951,5
CLE,1997,2732,5985,1318,1774,888,2107,2995,1766,1783,664,1130,327,539,7323,2581,5712,1493,1991,859,2176,3036,1732,1707,526,1306,343,486,7141,84.876659,0.542682926829,0.573170731707,5
CLE,1998,2760,6089,1467,1980,932,2245,3177,1804,1910,734,1303,367,390,7379,2588,5926,1614,2156,896,2207,3104,1718,1826,628,1387,402,400,7191,88.829063,0.542682926829,0.44,4
CLE,1999,2189,4884,1334,1771,713,1823,2537,1493,1573,633,1101,311,240,5953,2143,4939,1310,1745,769,1817,2586,1423,1551,549,1132,368,288,5884,90.5569685,0.506585365854,0.390243902439,3
CLE,2000,2269,5147,1334,1780,741,1907,2649,1516,1713,582,1106,283,262,6136,2290,5198,1414,1850,802,1995,2797,1499,1628,525,1104,391,328,6322,93.5133515,0.41512195122,0.365853658537,3
CLE,2001,2933,6633,1607,2122,1012,2469,3482,1824,2060,677,1362,399,281,7755,2955,6657,1742,2255,1001,2493,3494,1911,1934,676,1280,521,421,8073,95.764561,0.378048780488,0.353658536585,3
CLE,2002,2919,6557,1545,2010,991,2461,3453,1799,1827,607,1213,453,303,7686,2990,6630,1569,2069,959,2391,3350,1934,1724,648,1096,500,447,7997,92.714741,0.359756097561,0.207317073171,2
CLE,2003,2899,6664,1515,1996,1043,2512,3555,1801,1808,604,1279,495,340,7653,3062,6732,1609,2116,930,2436,3366,1980,1673,702,1065,472,450,8184,94.1443865,0.280487804878,0.426829268293,4
CLE,2004,2886,6749,1515,2021,1118,2580,3698,1760,1803,610,1298,529,270,7557,3014,6772,1601,2104,951,2482,3433,1877,1682,718,1065,460,429,8059,94.4549565,0.317073170732,0.512195121951,5
DAL,1985,3589,7257,1809,2337,1092,2305,3397,2158,1851,577,1243,347,97,9084,3629,7241,1638,2139,1121,2408,3529,2122,2139,602,1363,423,80,8977,101.904085,0.530487804878,0.536585365854,5
DAL,1986,3595,7267,1947,2483,1077,2399,3476,2130,1764,590,1236,352,146,9284,3745,7444,1566,2064,1140,2469,3610,2247,2131,594,1309,426,94,9150,102.99306,0.536585365854,0.670731707317,6
DAL,1987,3612,7313,2099,2680,1139,2474,3613,2062,1803,646,1247,396,186,9510,3725,7596,1647,2171,1236,2427,3664,2342,2166,594,1305,422,109,9206,104.079855,0.603658536585,0.646341463415,6
DAL,1988,3503,7282,2064,2613,1280,2494,3774,2000,1803,666,1231,435,192,9263,3527,7444,1624,2125,1227,2309,3536,2272,2066,591,1280,428,147,8826,101.626074,0.658536585366,0.463414634146,4
DAL,1989,3328,7054,1882,2386,1194,2446,3640,1925,1736,612,1245,461,182,8722,3445,7344,1536,2023,1215,2366,3582,2186,1933,636,1201,411,166,8592,98.9695855,0.55487804878,0.573170731707,5
DAL,1990,3245,6874,1760,2262,1045,2408,3453,1821,1736,621,1230,437,184,8434,3355,7158,1600,2125,1186,2449,3635,2047,1850,654,1205,387,170,8480,97.7130775,0.518292682927,0.341463414634,3
DAL,1991,3245,6860,1623,2123,1013,2389,3402,1798,1786,622,1207,397,175,8289,3317,6979,1663,2228,1129,2443,3572,1993,1805,649,1191,394,176,8474,96.7664985,0.457317073171,0.268292682927,2
DAL,1992,3182,6997,1505,1992,1089,2399,3488,1725,1853,558,1194,373,230,8101,3330,6998,1761,2332,1136,2560,3696,1980,1756,686,1100,428,180,8602,96.4999695,0.30487804878,0.134146341463,1
DAL,1993,3142,7187,1514,2085,1214,2352,3566,1656,2084,592,1330,352,275,8074,3357,6917,2087,2719,1110,2685,3795,1991,1798,762,1163,488,208,9010,99.048637,0.201219512195,0.158536585366,1
DAL,1994,3109,7170,1490,2056,1252,2207,3460,1656,2154,708,1426,327,262,7971,3306,6645,2096,2784,1082,2621,3703,2008,1755,792,1350,513,241,8950,99.045974,0.146341463415,0.439024390244,4
DAL,1995,3141,7206,1536,2076,1392,2291,3684,1785,1909,673,1369,323,313,8131,3309,6745,1647,2239,1077,2441,3518,1980,1787,752,1339,504,340,8607,97.2345275,0.298780487805,0.317073170732,3
DAL,1996,3175,7386,1524,2092,1461,2406,3867,1927,1823,610,1307,345,560,8435,3405,6951,1494,2039,1070,2552,3622,1984,1883,712,1299,516,451,8755,98.0990335,0.378048780488,0.292682926829,2
DAL,1997,2968,6941,1400,1946,1224,2320,3544,1788,1817,648,1297,346,582,7920,3184,6695,1508,2035,1092,2577,3669,1886,1780,694,1316,482,504,8381,94.797428,0.30487804878,0.243902439024,2
DAL,1998,2847,6603,1341,1828,1023,2271,3295,1599,1720,650,1253,408,426,7462,3052,6644,1407,1921,1160,2536,3696,1838,1664,672,1262,403,462,7973,92.032272,0.268292682927,0.38,3
DAL,1999,2315,5393,1094,1474,826,1879,2705,1228,1354,499,937,379,312,6037,2476,5428,1094,1530,941,2081,3023,1477,1325,509,969,309,301,6348,92.051506,0.311951219512,0.487804878049,4
DAL,2000,2472,5540,1144,1480,788,1961,2749,1365,1417,472,908,354,360,6448,2520,5545,1169,1599,955,2119,3074,1487,1428,482,1008,332,322,6532,94.048981,0.433902439024,0.646341463415,6
DAL,2001,3140,6881,1479,1852,881,2507,3388,1775,1838,605,1109,454,518,8277,3081,6873,1557,2118,1159,2671,3830,1839,1830,613,1264,400,405,8125,95.700615,0.567073170732,0.69512195122,6
DAL,2002,3142,6823,1580,1974,874,2569,3444,1775,1874,599,1026,439,569,8434,3016,6772,1635,2207,1066,2611,3678,1821,1815,605,1166,378,416,8084,94.802143,0.670731707317,0.731707317073,7
DAL,2003,3180,6956,1547,1893,915,2556,3471,1824,1785,623,932,417,628,8536,3010,6769,1558,2108,1055,2640,3695,1823,1764,567,1190,347,464,8043,94.5109975,0.713414634146,0.634146341463,6
DAL,2004,3241,7106,1480,1823,1043,2541,3584,1900,1669,660,935,443,571,8535,3029,6755,1469,1996,1027,2621,3648,1859,1716,564,1218,350,505,8034,94.420902,0.682926829268,0.707317073171,7
DEN,1985,3905,7979,2108,2629,1232,2373,3605,2374,2215,802,1363,388,75,9994,3895,7563,2085,2754,1204,2682,3887,2303,2225,670,1641,567,63,9939,111.68041,0.548780487805,0.573170731707,5
DEN,1986,3790,7922,1972,2492,1277,2310,3587,2203,2158,860,1359,422,72,9625,3706,7391,1997,2670,1238,2680,3918,2130,2147,654,1742,536,62,9472,109.82485,0.603658536585,0.451219512195,4
DEN,1987,3724,7909,1952,2492,1258,2342,3601,2228,2174,790,1276,421,88,9489,3637,7373,2111,2797,1230,2726,3956,2147,2131,598,1652,468,86,9471,109.08847,0.512195121951,0.658536585366,6
DEN,1988,3757,7956,1908,2428,1228,2405,3633,2308,2083,793,1201,411,149,9571,3622,7349,2082,2704,1172,2734,3906,2180,2067,589,1585,481,113,9439,108.48022,0.55487804878,0.536585365854,5
DEN,1989,3791,8050,1831,2301,1184,2477,3662,2291,2035,821,1205,418,210,9624,3654,7420,1943,2595,1157,2806,3963,2153,1995,643,1601,497,135,9387,109.333365,0.59756097561,0.524390243902,5
DEN,1990,3764,8077,1779,2257,1187,2522,3710,2278,2067,812,1180,382,228,9536,3645,7409,1958,2600,1078,2855,3933,2104,1956,639,1555,473,160,9408,109.35524,0.530487804878,0.243902439024,2
DEN,1991,3808,8441,1731,2232,1344,2531,3875,2140,2141,835,1234,367,264,9612,3832,7648,2158,2792,1131,2956,4088,2282,1877,685,1520,493,179,10002,112.28636,0.384146341463,0.292682926829,2
DEN,1992,3581,8124,1626,2165,1435,2441,3876,1779,2109,814,1389,433,213,9002,3711,7464,2160,2790,1175,2798,3974,2151,1815,768,1460,559,190,9772,108.8362,0.268292682927,0.439024390244,4
DEN,1993,3307,7331,1655,2213,1308,2458,3766,1644,2011,712,1430,513,132,8401,3335,7090,1921,2515,1134,2517,3651,1850,1885,765,1366,548,204,8795,101.877495,0.365853658537,0.512195121951,5
DEN,1994,3254,7031,1761,2391,1185,2560,3746,1749,1982,665,1417,625,154,8423,3194,7107,1830,2433,1138,2418,3556,1817,1970,737,1292,502,215,8434,100.61277,0.475609756098,0.5,5
DEN,1995,3127,6621,1719,2364,1072,2479,3552,1799,1994,669,1401,635,291,8265,3057,6847,1741,2322,1069,2269,3338,1764,1956,682,1206,481,313,8169,96.6769295,0.506097560976,0.426829268293,4
DEN,1996,3049,6559,1657,2239,1048,2444,3493,1843,1972,590,1323,591,405,8161,3070,6718,1660,2200,977,2296,3273,1829,1927,628,1148,439,436,8237,94.741829,0.463414634146,0.256097560976,2
DEN,1997,2967,6672,1565,2082,1025,2469,3495,1870,1833,512,1312,542,516,8016,3194,6902,1528,2024,1010,2422,3432,1860,1812,670,1093,435,468,8385,95.194992,0.341463414634,0.134146341463,1
DEN,1998,2805,6549,1587,2069,1017,2304,3321,1718,1860,583,1335,440,462,7660,3156,6716,1637,2176,1090,2430,3520,1914,1753,693,1150,494,451,8400,93.749798,0.19512195122,0.28,2
DEN,1999,2179,5200,1334,1736,843,1774,2618,1258,1540,520,1025,334,295,5987,2450,5193,1407,1874,857,1951,2809,1579,1442,529,972,404,328,6635,92.294762,0.207073170732,0.426829268293,4
DEN,2000,2369,5450,1270,1720,860,1991,2851,1440,1553,465,1009,446,386,6394,2507,5485,1314,1756,823,2054,2877,1589,1520,506,939,368,318,6645,95.0251085,0.353414634146,0.487804878049,4
DEN,2001,3018,6894,1489,2040,1058,2586,3645,1940,1891,553,1186,578,491,8016,3105,6933,1587,2111,1019,2624,3643,2022,1848,602,1109,479,407,8203,95.925083,0.457317073171,0.329268292683,3
DEN,2002,2947,6873,1377,1860,1080,2446,3527,1893,1845,582,1111,500,467,7738,3043,6727,1572,2096,1003,2585,3589,2005,1702,629,1081,529,420,8078,93.3758085,0.408536585366,0.207317073171,2
DEN,2003,2802,6707,1300,1803,1114,2336,3451,1777,1963,662,1277,442,326,7230,2850,6313,1685,2240,928,2486,3414,1866,1716,706,1230,546,422,7808,92.2595595,0.268292682927,0.524390243902,5
DEN,2004,2841,6653,1474,2004,1097,2375,3472,1765,1930,728,1313,471,280,7436,2857,6374,1619,2178,958,2454,3412,1847,1841,703,1341,505,398,7732,93.4772605,0.365853658537,0.59756097561,5
DET,1985,3819,7954,1878,2404,1415,2484,3899,2279,2126,694,1325,407,38,9555,3678,7413,1883,2490,1136,2510,3646,2150,2102,631,1483,517,65,9306,107.451445,0.579268292683,0.560975609756,5
DET,1986,3797,7874,1791,2281,1339,2497,3837,2310,2088,714,1342,368,50,9435,3660,7411,1891,2496,1144,2550,3695,2095,1997,652,1488,504,74,9285,107.17827,0.560975609756,0.634146341463,6
DET,1987,3649,7493,1895,2451,1260,2555,3815,2170,2089,690,1380,388,47,9240,3498,7336,1953,2598,1161,2438,3600,2056,2022,666,1392,486,102,9051,105.169795,0.59756097561,0.658536585366,6
DET,1988,3502,7127,1984,2607,1213,2565,3778,2016,2017,615,1382,415,48,9037,3355,7220,1851,2453,1143,2307,3451,1996,2115,659,1311,439,123,8684,102.20906,0.646341463415,0.768292682927,7
DET,1989,3428,6948,1903,2495,1167,2514,3681,2019,1948,555,1342,400,89,8848,3237,7078,1788,2311,1137,2232,3369,1909,2126,647,1276,373,136,8398,99.451154,0.713414634146,0.719512195122,7
DET,1990,3364,6929,1771,2315,1169,2502,3671,2011,1950,517,1284,412,148,8648,3091,6915,1805,2333,1085,2234,3320,1809,2080,626,1236,322,172,8160,97.6469575,0.743902439024,0.609756097561,6
DET,1991,3263,6927,1699,2231,1195,2455,3650,1910,1915,499,1207,392,154,8380,3048,6776,1729,2257,1021,2277,3298,1750,2029,593,1187,296,171,7997,95.834423,0.664634146341,0.585365853659,5
DET,1992,3192,6871,1626,2159,1208,2436,3644,1862,1757,516,1196,362,148,8159,3105,6858,1547,2019,1058,2264,3323,1815,1951,611,1122,331,184,7941,94.4026485,0.59756097561,0.487804878049,4
DET,1993,3229,7039,1496,2032,1251,2368,3619,1920,1696,563,1182,303,228,8182,3239,6939,1442,1926,1107,2348,3455,1971,1860,632,1168,368,236,8156,94.9598885,0.536585365854,0.243902439024,2
DET,1994,3218,7114,1339,1836,1160,2318,3477,1854,1841,591,1194,279,325,8100,3288,6892,1634,2219,1145,2516,3661,2072,1703,672,1194,365,266,8476,95.934391,0.365853658537,0.341463414634,3
DET,1995,3114,6825,1346,1828,992,2262,3254,1819,2043,653,1277,364,426,8001,3187,6718,1884,2585,1169,2511,3680,2055,1674,707,1227,403,360,8619,95.6608465,0.292682926829,0.560975609756,5
DET,1996,2935,6377,1548,2073,921,2322,3243,1741,2052,605,1266,386,519,7937,2973,6466,1710,2379,1055,2350,3405,1871,1816,624,1219,412,476,8134,92.5475655,0.451219512195,0.658536585366,6
DET,1997,2818,6108,1572,2100,871,2366,3237,1582,1802,569,1128,317,563,7772,2797,6303,1343,1853,964,2266,3230,1762,1835,522,1174,333,516,7455,88.3497885,0.609756097561,0.451219512195,4
DET,1998,2844,6234,1595,2141,951,2315,3266,1575,1728,655,1119,313,437,7722,2804,6304,1389,1872,977,2299,3276,1774,1829,568,1229,332,445,7442,88.989826,0.55487804878,0.58,5
DET,1999,2261,5044,1327,1785,824,1875,2699,1303,1472,561,994,276,270,6119,2212,5008,1245,1697,769,1855,2625,1398,1493,536,1016,303,299,5969,89.7577475,0.515609756098,0.512195121951,5
DET,2000,2352,5176,1453,1894,761,1935,2696,1358,1575,554,1039,250,343,6500,2352,5172,1305,1777,760,1940,2702,1468,1666,538,1085,310,347,6356,93.176483,0.546097560976,0.390243902439,3
DET,2001,2981,6758,1783,2369,1012,2542,3554,1668,1983,639,1277,369,414,8160,3047,6778,1632,2203,992,2587,3581,1876,2140,660,1309,396,443,8170,97.482811,0.451219512195,0.609756097561,6
DET,2002,2882,6590,1544,2093,959,2496,3455,1697,1825,630,1200,506,478,7787,2951,6697,1472,1978,1001,2591,3592,1748,1967,660,1213,365,393,7768,93.8689805,0.5,0.609756097561,6
DET,2003,2773,6289,1518,1987,846,2405,3252,1692,1721,602,1089,516,550,7615,2835,6406,1381,1841,925,2519,3444,1568,1887,609,1152,339,324,7375,89.7507745,0.609756097561,0.658536585366,6
DET,2004,2723,6296,1560,2047,948,2468,3417,1661,1706,607,1111,519,433,7440,2688,6323,1350,1812,919,2440,3360,1530,1890,607,1153,377,322,7049,88.92548,0.634146341463,0.658536585366,6
GSW,1985,3508,7544,1929,2554,1358,2155,3513,1798,2122,816,1489,316,83,9030,3782,7187,1860,2453,1156,2517,3673,2243,2213,670,1638,481,46,9470,106.05835,0.359756097561,0.365853658537,3
GSW,1986,3574,7561,1928,2524,1299,2241,3540,1888,2084,777,1430,319,99,9175,3851,7298,1855,2465,1135,2520,3655,2330,2124,671,1535,455,61,9618,106.282455,0.317073170732,0.512195121951,5
GSW,1987,3600,7489,1941,2521,1232,2347,3579,2050,2085,733,1377,337,101,9243,3739,7385,1893,2533,1209,2500,3709,2249,2060,690,1449,446,110,9481,105.66962,0.439024390244,0.243902439024,2
GSW,1988,3507,7408,1862,2365,1166,2301,3468,2044,2146,728,1374,302,103,8979,3621,7291,2021,2682,1229,2495,3724,2222,1931,717,1412,441,153,9416,104.629605,0.378048780488,0.524390243902,5
GSW,1989,3596,7690,1829,2294,1231,2406,3638,2007,2050,786,1441,463,142,9164,3660,7622,1981,2600,1323,2574,3897,2243,1873,804,1483,458,216,9518,107.80066,0.384146341463,0.451219512195,4
GSW,1990,3609,7592,2108,2621,1119,2473,3592,1993,1978,793,1451,565,218,9546,3729,7942,1957,2567,1466,2616,4082,2273,2077,839,1488,457,271,9687,109.829195,0.487804878049,0.536585365854,5
GSW,1991,3527,7277,2237,2809,1014,2345,3359,1966,2108,779,1387,433,256,9549,3655,7617,2059,2715,1393,2537,3930,2247,2212,771,1478,433,241,9610,107.472475,0.493902439024,0.670731707317,6
GSW,1992,3666,7386,2053,2683,1125,2341,3466,2009,2128,828,1356,376,262,9648,3580,7428,2022,2680,1308,2458,3766,2143,2113,760,1523,436,239,9421,106.49435,0.603658536585,0.414634146341,4
GSW,1993,3620,7319,1856,2535,1178,2380,3558,2037,2052,773,1402,379,276,9373,3543,7352,1902,2527,1249,2390,3639,2110,2007,809,1431,446,264,9253,104.589225,0.542682926829,0.609756097561,6
GSW,1994,3493,7178,1648,2384,1201,2390,3591,2104,1922,748,1442,447,294,8929,3449,7264,1710,2300,1249,2376,3625,2141,1931,833,1388,432,288,8898,102.044545,0.512195121951,0.317073170732,3
GSW,1995,3364,7009,1608,2349,1142,2383,3525,2107,1796,726,1465,451,418,8755,3477,7282,1552,2141,1260,2467,3727,2264,2001,853,1376,410,398,8906,100.970925,0.463414634146,0.439024390244,4
GSW,1996,3136,6786,1731,2367,1137,2328,3465,1953,1819,677,1420,430,496,8500,3366,6993,1564,2136,1155,2409,3564,2221,2046,781,1350,398,484,8782,98.14847,0.378048780488,0.365853658537,3
GSW,1997,3026,6633,1735,2260,1129,2272,3401,1855,1811,658,1376,414,464,8252,3202,6744,1571,2100,1101,2282,3383,2128,1922,761,1331,390,529,8505,95.3281935,0.40243902439,0.231707317073,2
GSW,1998,2921,6725,1527,2046,1187,2366,3553,1765,1823,616,1389,403,335,7704,3095,6738,1622,2194,1111,2403,3515,2085,1762,790,1221,436,457,8271,94.5359725,0.298780487805,0.42,4
GSW,1999,2287,5528,1076,1543,1052,2016,3068,1372,1564,517,1068,334,175,5826,2304,5295,1390,1908,895,2019,2914,1517,1332,578,944,391,263,6263,92.8691255,0.325853658537,0.231707317073,2
GSW,2000,2363,5657,1145,1661,1058,1998,3055,1444,1656,572,1034,292,253,6125,2391,5311,1434,1929,873,2097,2970,1529,1457,544,1036,398,310,6526,94.5549815,0.325853658537,0.207317073171,2
GSW,2001,2966,7158,1462,2085,1322,2411,3733,1819,1885,736,1277,386,313,7709,3172,6757,1642,2169,1065,2692,3757,2040,1825,705,1319,493,433,8419,96.6807975,0.219512195122,0.256097560976,2
GSW,2002,2967,7082,1560,2184,1339,2439,3778,1747,1805,696,1289,466,301,7796,3196,6866,1575,2068,1069,2571,3641,2023,1855,714,1217,504,421,8389,96.195362,0.231707317073,0.463414634146,4
GSW,2003,3029,6965,1773,2363,1309,2519,3828,1709,1835,622,1285,514,372,8204,3226,7084,1598,2104,1152,2419,3571,1968,1941,708,1107,503,421,8472,96.3787765,0.359756097561,0.451219512195,4
GSW,2004,2968,6726,1661,2205,1143,2539,3682,1696,1738,585,1200,447,427,8024,3094,6902,1487,1979,1092,2460,3552,1848,1869,688,1092,453,426,8101,93.814953,0.457317073171,0.414634146341,4
HOU,1985,3738,7486,1582,2200,1262,2439,3701,2221,2175,652,1583,556,35,9094,3541,7343,2001,2614,1178,2340,3518,2070,1909,777,1458,420,66,9150,106.06053,0.469512195122,0.621951219512,6
HOU,1986,3753,7555,1678,2347,1320,2414,3735,2278,2012,714,1489,574,63,9248,3569,7338,1844,2415,1174,2305,3480,2156,1940,728,1479,400,88,9071,105.54415,0.603658536585,0.512195121951,5
HOU,1987,3612,7466,1761,2394,1253,2457,3710,2272,1982,699,1379,553,87,9072,3493,7313,1844,2414,1178,2376,3555,2161,1949,702,1415,377,93,8924,104.305295,0.567073170732,0.560975609756,5
HOU,1988,3465,7308,1841,2419,1214,2505,3720,2081,1919,683,1375,528,79,8850,3401,7322,1846,2387,1214,2435,3649,2038,1967,729,1385,366,104,8752,103.21378,0.536585365854,0.548780487805,5
HOU,1989,3438,7275,1922,2505,1225,2542,3767,1976,1945,750,1468,501,116,8916,3433,7355,1805,2362,1203,2467,3670,1983,2012,768,1430,402,147,8820,104.203995,0.55487804878,0.5,5
HOU,1990,3447,7223,1771,2397,1214,2596,3810,2105,1980,799,1541,526,158,8824,3406,7306,1738,2314,1160,2444,3604,2012,1916,795,1441,415,175,8725,104.01579,0.524390243902,0.634146341463,6
HOU,1991,3443,7268,1632,2233,1246,2573,3819,2050,1904,802,1457,480,234,8752,3368,7319,1640,2171,1208,2445,3654,1987,1802,750,1421,374,173,8549,102.442225,0.567073170732,0.512195121951,5
HOU,1992,3338,7090,1561,2110,1174,2470,3644,1982,1821,726,1390,490,322,8559,3364,7316,1569,2035,1237,2418,3655,2048,1729,727,1294,370,189,8486,99.7469365,0.573170731707,0.670731707317,6
HOU,1993,3276,6819,1537,2055,1029,2482,3511,2086,1734,669,1336,557,358,8448,3323,7223,1480,1931,1199,2350,3550,2048,1733,730,1201,355,219,8345,97.331352,0.591463414634,0.707317073171,7
HOU,1994,3238,6738,1526,2034,955,2575,3531,2101,1672,699,1316,514,408,8411,3203,7147,1404,1874,1152,2364,3517,1933,1768,742,1224,319,249,8061,96.933548,0.689024390244,0.573170731707,5
HOU,1995,3178,6656,1498,2008,903,2529,3432,2073,1680,719,1330,499,537,8391,3177,7113,1392,1872,1151,2410,3561,1920,1761,755,1247,338,381,8127,96.701588,0.640243902439,0.585365853659,5
HOU,1996,3118,6608,1569,2072,899,2447,3347,2021,1733,683,1283,495,641,8447,3190,6985,1415,1943,1145,2442,3588,1942,1813,707,1249,382,494,8289,95.7840195,0.579268292683,0.69512195122,6
HOU,1997,3057,6561,1557,2049,923,2510,3433,1997,1681,665,1305,411,654,8326,3104,6877,1362,1898,1077,2415,3493,1890,1791,700,1198,382,500,8071,94.754036,0.640243902439,0.5,5
HOU,1998,2991,6498,1568,2056,957,2457,3414,1906,1631,685,1331,320,622,8173,3101,6807,1354,1838,1035,2329,3364,1874,1741,731,1171,365,464,8021,93.856289,0.59756097561,0.62,6
HOU,1999,2350,5155,1249,1653,761,1944,2706,1428,1306,536,1055,277,454,6405,2483,5452,1092,1476,852,1858,2711,1474,1388,586,911,305,319,6378,92.3373565,0.56,0.414634146341,4
HOU,2000,2378,5230,1219,1666,772,2062,2834,1416,1311,499,1118,349,458,6433,2509,5605,1102,1445,845,1921,2766,1448,1431,588,889,339,290,6411,93.892788,0.517317073171,0.548780487805,5
HOU,2001,2972,6578,1577,2115,963,2555,3518,1693,1660,600,1280,398,542,8064,3123,6903,1405,1845,1007,2435,3443,1799,1801,670,1090,416,354,8005,94.4333495,0.481707317073,0.341463414634,3
HOU,2002,2890,6561,1492,1989,972,2467,3439,1547,1566,562,1105,401,500,7772,3105,6804,1303,1742,1016,2463,3480,1786,1708,590,1002,407,364,7878,91.418949,0.44512195122,0.524390243902,5
HOU,2003,2838,6545,1484,1967,1024,2487,3512,1494,1539,565,1136,469,467,7629,3041,6778,1310,1714,1012,2430,3442,1760,1720,619,995,396,378,7770,90.882904,0.432926829268,0.548780487805,5
HOU,2004,2789,6328,1469,1908,935,2605,3541,1542,1682,577,1246,468,477,7524,2763,6543,1445,1914,943,2352,3295,1686,1744,686,1044,368,421,7393,90.4422225,0.536585365854,0.621951219512,6
IND,1985,3468,7227,1747,2317,1100,2510,3610,2057,2149,729,1573,382,39,8722,3590,7253,1948,2561,1146,2573,3719,2179,2001,769,1505,483,46,9174,105.52493,0.292682926829,0.317073170732,3
IND,1986,3465,7237,1742,2349,1168,2618,3786,2052,2186,642,1568,373,26,8699,3500,7227,2021,2639,1074,2531,3605,2149,1990,761,1369,484,68,9090,104.892745,0.292682926829,0.5,5
IND,1987,3447,7237,1655,2176,1135,2538,3673,2164,2116,678,1395,346,58,8608,3358,7046,1967,2577,1083,2531,3615,2038,1880,702,1365,458,88,8771,102.24447,0.408536585366,0.463414634146,4
IND,1988,3445,7239,1621,2076,1105,2460,3565,2073,2067,658,1297,328,128,8639,3339,7014,1909,2515,1138,2542,3680,1976,1855,680,1342,439,110,8698,100.747302,0.481707317073,0.341463414634,3
IND,1989,3410,7049,1670,2128,1071,2477,3548,1994,2071,591,1432,381,182,8674,3394,7230,1947,2526,1224,2406,3630,1983,1944,768,1237,398,142,8877,100.943362,0.40243902439,0.512195121951,5
IND,1990,3383,6876,1850,2305,1002,2442,3445,2017,2038,557,1444,384,248,8864,3469,7312,1920,2500,1230,2304,3535,1989,2025,776,1197,355,170,9029,101.0034395,0.426829268293,0.5,5
IND,1991,3415,6900,1958,2407,979,2382,3361,2102,2030,605,1348,353,271,9060,3531,7262,1827,2442,1187,2305,3492,2004,2029,722,1224,337,179,9070,100.9482045,0.506097560976,0.487804878049,4
IND,1992,3474,7036,1939,2421,1050,2470,3520,2289,2112,681,1378,375,291,9178,3501,7305,1913,2558,1221,2319,3540,2114,2010,772,1253,369,201,9116,102.099065,0.493902439024,0.5,5
IND,1993,3434,7050,1852,2381,1151,2509,3661,2271,2091,660,1329,398,295,9016,3343,7133,1966,2631,1215,2335,3550,2076,1981,754,1212,386,216,8869,100.1124655,0.493902439024,0.573170731707,5
IND,1994,3269,6769,1799,2393,1175,2432,3607,2099,2009,660,1348,430,220,8558,3120,6784,1862,2528,1160,2249,3409,1944,1982,759,1259,388,244,8347,96.6430815,0.536585365854,0.634146341463,6
IND,1995,3075,6382,1779,2388,1090,2349,3440,1966,1956,704,1390,410,279,8208,2949,6511,1642,2255,1090,2154,3244,1853,2022,758,1355,402,374,7915,93.68404,0.603658536585,0.634146341463,6
IND,1996,2981,6226,1809,2403,1030,2276,3306,1897,1985,641,1337,343,368,8140,2881,6349,1609,2195,1026,2103,3129,1765,2049,677,1314,418,484,7855,91.8345185,0.634146341463,0.475609756098,4
IND,1997,2915,6229,1755,2376,1019,2326,3345,1833,2004,582,1336,358,396,7981,2820,6324,1672,2242,1004,2156,3160,1731,1996,678,1274,419,496,7808,91.6990165,0.55487804878,0.707317073171,7
IND,1998,2886,6238,1659,2236,951,2369,3320,1819,1918,615,1253,381,415,7846,2793,6404,1583,2139,1059,2257,3316,1664,1899,668,1263,392,386,7557,91.0981405,0.591463414634,0.66,6
IND,1999,2326,5044,1304,1682,724,1900,2624,1447,1470,480,908,295,347,6303,2247,5193,1226,1661,870,1840,2710,1273,1487,500,944,302,240,5960,89.7016865,0.683658536585,0.682926829268,6
IND,2000,2389,5253,1303,1618,708,2032,2740,1431,1434,437,904,322,438,6519,2409,5458,1151,1524,833,1985,2818,1345,1518,483,889,281,267,6237,91.9883,0.671463414634,0.5,5
IND,2001,2937,6535,1584,2008,881,2603,3485,1810,1855,561,1166,454,489,7948,2971,6832,1473,1947,1041,2520,3561,1715,1896,599,1099,356,353,7768,93.383545,0.591463414634,0.512195121951,5
IND,2002,2881,6505,1601,2082,925,2581,3507,1823,1900,610,1182,461,400,7764,2903,6741,1558,2068,1045,2504,3549,1733,1868,603,1096,426,397,7761,92.956608,0.506097560976,0.585365853659,5
IND,2003,2923,6594,1701,2213,967,2595,3562,1897,1843,677,1170,439,392,7939,2918,6745,1535,2027,1027,2486,3513,1733,1888,619,1164,485,412,7785,93.951584,0.548780487805,0.743902439024,7
IND,2004,2832,6465,1638,2142,984,2537,3521,1842,1760,711,1129,427,414,7716,2765,6434,1438,1896,936,2440,3377,1672,1858,601,1225,509,368,7337,91.3052255,0.664634146341,0.536585365854,5
LAC,1985,3527,7119,1674,2208,1163,2434,3597,1934,1840,534,1587,497,56,8784,3737,7630,1604,2115,1248,2282,3530,2264,1887,770,1242,422,74,9152,103.16228,0.378048780488,0.390243902439,3
LAC,1986,3457,7142,1870,2445,1161,2346,3507,1951,1885,614,1546,499,60,8845,3793,7609,1654,2197,1258,2370,3628,2366,2000,765,1319,439,73,9313,104.197585,0.384146341463,0.146341463415,1
LAC,1987,3349,7248,1966,2599,1195,2197,3392,1969,1967,722,1499,466,71,8736,3804,7421,1789,2397,1227,2550,3778,2442,2067,783,1464,495,91,9489,105.21923,0.268292682927,0.207317073171,2
LAC,1988,3250,7263,1755,2410,1211,2243,3454,1928,1956,736,1513,476,78,8334,3636,7307,1837,2412,1214,2654,3868,2358,1966,824,1492,508,117,9226,104.39256,0.176829268293,0.256097560976,2
LAC,1989,3358,7311,1625,2262,1173,2367,3540,2046,1922,768,1600,525,66,8407,3630,7549,1816,2354,1291,2608,3899,2342,1897,887,1446,517,160,9237,105.60011,0.231707317073,0.365853658537,3
LAC,1990,3422,7140,1710,2339,1106,2373,3479,2093,1898,798,1606,518,55,8610,3589,7472,1785,2325,1245,2458,3704,2238,1916,880,1402,490,191,9156,104.692935,0.310975609756,0.378048780488,3
LAC,1991,3355,7084,1705,2365,1151,2431,3582,2048,1951,753,1492,507,84,8500,3384,7179,1819,2390,1132,2430,3562,2037,1918,800,1340,460,192,8780,102.16989,0.371951219512,0.548780487805,5
LAC,1992,3369,7195,1598,2248,1189,2446,3635,2086,1958,774,1353,502,129,8465,3274,7074,1803,2389,1133,2469,3602,1883,1878,739,1356,461,211,8563,100.9149565,0.463414634146,0.5,5
LAC,1993,3445,7202,1581,2200,1157,2376,3534,2147,1896,835,1303,494,139,8611,3261,7024,1781,2341,1165,2441,3606,1877,1821,735,1420,442,249,8553,100.4857315,0.524390243902,0.329268292683,3
LAC,1994,3443,7246,1535,2152,1151,2385,3536,2205,1844,827,1406,456,192,8615,3411,7236,1720,2321,1263,2502,3766,2095,1780,831,1404,464,291,8835,101.81416,0.414634146341,0.207317073171,2
LAC,1995,3201,7025,1492,2103,1092,2243,3335,1987,1960,797,1404,428,291,8187,3359,6945,1730,2356,1215,2552,3767,2068,1846,795,1435,467,348,8797,99.5091765,0.268292682927,0.353658536585,3
LAC,1996,3093,6753,1434,2031,1021,2133,3154,1738,2080,745,1344,423,420,8040,3148,6470,1850,2473,1058,2449,3507,1787,1882,691,1431,430,416,8563,96.10664,0.280487804878,0.439024390244,4
LAC,1997,3057,6657,1454,2029,1035,2216,3251,1667,1986,718,1333,426,491,8061,3032,6458,1778,2378,1042,2406,3448,1656,1860,713,1363,410,462,8305,94.718861,0.396341463415,0.207317073171,2
LAC,1998,2959,6693,1498,2060,1066,2259,3325,1597,1895,679,1317,448,499,7917,3105,6638,1697,2289,1110,2459,3569,1740,1803,731,1263,415,407,8315,94.5854115,0.323170731707,0.18,1
LAC,1999,2320,5348,1181,1636,852,1784,2637,1176,1525,524,1059,346,369,6192,2533,5345,1370,1856,904,1987,2892,1463,1394,572,970,350,278,6714,93.573536,0.193658536585,0.182926829268,1
LAC,2000,2294,5382,1123,1525,810,1835,2645,1149,1522,501,1061,365,321,6032,2555,5368,1295,1743,839,2102,2941,1538,1386,520,977,335,319,6725,94.02779,0.181463414634,0.378048780488,3
LAC,2001,2886,6612,1396,1943,958,2468,3426,1532,1798,534,1269,503,394,7563,3138,6839,1493,2012,1040,2569,3608,1883,1763,630,1084,397,385,8154,93.956375,0.280487804878,0.475609756098,4
LAC,2002,2933,6567,1463,2043,1022,2516,3539,1649,1700,500,1181,526,384,7713,3034,6832,1401,1883,1053,2409,3461,1825,1785,625,1002,425,380,7851,92.081226,0.426829268293,0.329268292683,3
LAC,2003,2902,6579,1565,2101,1045,2468,3513,1660,1704,542,1198,500,399,7769,3054,6826,1418,1864,1055,2419,3474,1849,1809,632,1054,428,430,7957,92.482578,0.40243902439,0.341463414634,3
LAC,2004,2826,6534,1720,2239,1078,2439,3517,1629,1800,584,1263,418,359,7732,3055,6737,1526,2016,1039,2409,3448,1857,1852,672,1084,427,453,8089,92.8833655,0.335365853659,0.451219512195,4
LAL,1985,3903,7252,1707,2252,1079,2524,3603,2515,1992,710,1557,479,74,9587,3668,7619,1721,2295,1250,2116,3366,2287,1939,776,1404,373,73,9131,105.7917,0.707317073171,0.756097560976,7
LAL,1986,3893,7298,1757,2280,1082,2552,3634,2504,1981,694,1502,450,114,9657,3621,7544,1728,2306,1176,2152,3328,2274,1948,774,1347,364,67,9038,105.48105,0.756097560976,0.792682926829,7
LAL,1987,3787,7294,1912,2439,1114,2535,3649,2430,1942,710,1412,450,151,9637,3548,7490,1754,2317,1192,2200,3392,2223,1998,756,1350,381,86,8938,104.76232,0.774390243902,0.756097560976,7
LAL,1988,3658,7161,1984,2515,1100,2503,3603,2387,1784,700,1338,443,153,9453,3535,7499,1634,2142,1227,2211,3439,2206,1972,726,1308,397,126,8832,102.91558,0.774390243902,0.69512195122,6
LAL,1989,3580,7110,1983,2494,1083,2551,3635,2314,1693,698,1331,412,184,9328,3546,7503,1540,2035,1176,2235,3412,2178,1940,742,1254,411,162,8794,102.336465,0.725609756098,0.768292682927,7
LAL,1990,3509,7076,1956,2462,1095,2536,3631,2257,1704,689,1285,433,268,9242,3461,7393,1563,2081,1154,2232,3387,2083,1925,710,1231,429,184,8670,101.1468005,0.731707317073,0.707317073171,7
LAL,1991,3388,6960,1853,2339,1087,2450,3537,2161,1630,648,1214,414,267,8898,3368,7254,1431,1905,1131,2215,3346,2003,1866,668,1187,380,176,8343,98.308876,0.737804878049,0.524390243902,5
LAL,1992,3263,6944,1774,2269,1117,2318,3435,1947,1533,699,1146,392,172,8473,3381,7178,1303,1722,1182,2285,3468,2085,1827,631,1215,361,176,8241,96.3427085,0.615853658537,0.475609756098,4
LAL,1993,3246,6985,1742,2291,1129,2242,3371,1908,1660,769,1177,415,153,8387,3423,7105,1429,1897,1196,2397,3593,2151,1851,640,1295,386,209,8484,97.1885945,0.5,0.40243902439,4
LAL,1994,3300,7155,1575,2135,1181,2246,3427,1998,1827,766,1231,446,214,8389,3387,7062,1606,2198,1221,2472,3693,2146,1765,675,1339,405,236,8617,98.4639585,0.439024390244,0.585365853659,5
LAL,1995,3287,7202,1466,2019,1193,2260,3453,2030,1905,750,1220,512,383,8424,3318,7029,1631,2289,1283,2503,3787,2183,1733,654,1367,458,342,8609,98.1359025,0.493902439024,0.646341463415,6
LAL,1996,3250,6897,1526,2060,1060,2309,3370,2079,1817,736,1203,539,501,8527,3208,6928,1487,2062,1214,2395,3609,2104,1806,616,1362,486,449,8353,96.2710265,0.615853658537,0.682926829268,6
LAL,1997,3117,6674,1571,2189,1043,2358,3402,1962,1760,731,1192,545,514,8319,3020,6712,1461,2008,1128,2342,3470,1943,1870,604,1337,435,460,7961,94.2355995,0.664634146341,0.743902439024,7
LAL,1998,3082,6589,1738,2536,1085,2442,3528,1927,1838,737,1239,565,524,8426,2953,6709,1598,2203,1116,2353,3470,1860,2042,640,1311,405,429,7933,95.081612,0.713414634146,0.62,6
LAL,1999,2493,5235,1445,2123,849,1976,2825,1552,1545,561,1005,421,369,6801,2371,5396,1366,1891,875,1871,2746,1451,1711,534,998,309,298,6408,94.933678,0.681951219512,0.817073170732,8
LAL,2000,2489,5385,1338,1935,868,2110,2978,1508,1536,501,948,409,292,6608,2298,5408,1291,1773,817,1967,2784,1329,1685,517,956,277,294,6182,94.737736,0.718536585366,0.682926829268,6
LAL,2001,3123,6760,1621,2350,1101,2660,3761,1904,1856,588,1140,511,391,8259,2910,6819,1556,2079,994,2469,3463,1628,2050,623,1108,341,392,7770,94.783043,0.75,0.707317073171,7
LAL,2002,3129,6762,1544,2235,1053,2595,3648,1885,1847,594,1066,484,474,8277,2927,6796,1586,2093,998,2466,3465,1651,1945,602,1060,338,406,7847,93.902706,0.69512195122,0.609756097561,6
LAL,2003,3120,6847,1528,2133,1050,2580,3630,1895,1848,632,1073,474,498,8267,2924,6751,1599,2102,987,2510,3497,1698,1901,615,1117,330,432,7879,94.3791275,0.658536585366,0.682926829268,6
LAL,2004,3059,6766,1596,2240,1039,2544,3584,1928,1803,660,1124,424,425,8141,2948,6682,1547,2048,940,2526,3466,1730,1969,630,1160,308,442,7885,94.512947,0.646341463415,0.414634146341,4
MEM,2001,0,0,0,0,0,0,0,0,0,0,0,0,0,0,0,0,0,0,0,0,0,0,0,0,0,0,0,0,0,0,0,0
MEM,2002,2851,6535,1334,1883,984,2413,3397,1785,1571,646,1290,488,336,7372,3119,6830,1346,1788,1135,2560,3693,1960,1783,781,1164,455,398,7982,92.562195,0.280487804878,0.341463414634,3
MEM,2003,2950,6639,1382,1909,963,2439,3403,1838,1624,648,1252,494,401,7683,3171,6919,1363,1803,1130,2557,3687,1975,1782,747,1168,439,414,8121,93.78611,0.310975609756,0.609756097561,6
MEM,2004,3006,6700,1493,2039,995,2423,3418,1903,1790,723,1197,532,457,7962,3041,6779,1512,1984,1112,2531,3643,1832,1834,693,1245,442,400,7995,94.155014,0.475609756098,0.548780487805,5
MIA,1988,0,0,0,0,0,0,0,0,0,0,0,0,0,0,0,0,0,0,0,0,0,0,0,0,0,0,0,0,0,0,0,0
MIA,1989,3221,7116,1477,2103,1309,2211,3520,1958,2124,744,1728,408,97,8016,3384,6928,2021,2613,1188,2366,3554,2062,1830,926,1543,553,148,8937,102.09809,0.182926829268,0.219512195122,2
MIA,1990,3302,7230,1435,2065,1275,2262,3537,1957,2123,740,1642,398,92,8131,3401,6969,2035,2664,1156,2416,3573,2069,1805,893,1508,515,153,8990,102.7397,0.201219512195,0.292682926829,2
MIA,1991,3331,7242,1521,2167,1237,2307,3544,1930,2101,746,1554,387,114,8298,3376,6992,2023,2659,1150,2415,3566,2041,1870,856,1469,489,165,8942,102.70755,0.256097560976,0.463414634146,4
MIA,1992,3268,7100,1744,2318,1209,2334,3543,1826,1949,713,1464,380,198,8478,3432,7065,1841,2422,1155,2389,3544,2038,1964,792,1391,474,191,8896,101.18415,0.378048780488,0.439024390244,4
MIA,1993,3191,6955,1873,2402,1160,2375,3535,1718,1915,639,1332,361,295,8551,3380,6974,1772,2329,1083,2419,3502,2017,2010,693,1310,436,237,8771,99.1778485,0.451219512195,0.512195121951,5
MIA,1994,3162,6873,1826,2349,1184,2395,3580,1772,2017,626,1301,362,335,8485,3134,6716,1874,2471,1053,2345,3398,1893,1999,672,1309,432,280,8422,97.2008055,0.475609756098,0.390243902439,3
MIA,1995,3170,6817,1656,2178,1163,2339,3503,1817,2012,652,1303,336,386,8384,3064,6603,1810,2433,1055,2310,3365,1840,1921,672,1323,411,403,8341,95.836845,0.451219512195,0.512195121951,5
MIA,1996,3023,6543,1561,2160,1045,2383,3429,1765,2079,618,1342,368,494,8101,2913,6434,1805,2419,1009,2335,3344,1752,1963,659,1310,394,478,8109,94.2243575,0.451219512195,0.743902439024,7
MIA,1997,2862,6291,1503,2104,978,2448,3426,1743,2038,612,1350,439,615,7842,2710,6264,1709,2303,990,2318,3308,1578,1931,654,1306,397,428,7559,91.7617495,0.628048780488,0.670731707317,6
MIA,1998,2836,6281,1496,2052,992,2410,3403,1746,1950,657,1266,434,613,7781,2705,6290,1586,2151,1028,2276,3305,1571,1841,641,1269,381,358,7354,90.2643395,0.707317073171,0.66,6
MIA,1999,2233,4946,1233,1672,765,1965,2731,1388,1508,496,985,366,418,6118,2144,5080,1246,1681,838,1787,2625,1241,1476,512,945,279,258,5792,88.383892,0.665365853659,0.634146341463,6
MIA,2000,2295,5013,1136,1544,712,2065,2777,1475,1491,454,987,414,367,6094,2173,5200,1186,1594,796,1841,2638,1217,1448,504,913,280,309,5842,89.3499335,0.647073170732,0.609756097561,6
MIA,2001,2834,6360,1384,1850,867,2527,3394,1780,1836,607,1153,414,462,7514,2741,6428,1425,1920,944,2434,3378,1501,1809,609,1179,398,384,7292,90.469711,0.621951219512,0.439024390244,4
MIA,2002,2747,6320,1329,1791,857,2489,3347,1647,1785,590,1114,376,395,7219,2683,6270,1452,1972,904,2506,3410,1441,1765,609,1140,388,369,7188,89.082176,0.524390243902,0.30487804878,3
MIA,2003,2744,6449,1264,1698,925,2504,3429,1582,1851,569,1125,386,330,7083,2689,6243,1581,2128,883,2535,3418,1471,1689,623,1095,395,392,7353,89.3798065,0.371951219512,0.512195121951,5
MIA,2004,2708,6467,1375,1802,944,2461,3405,1533,1834,591,1086,318,416,7209,2685,6207,1605,2114,882,2536,3419,1503,1699,602,1139,438,418,7394,89.4209865,0.408536585366,0.719512195122,7
MIL,1985,3498,7113,1808,2413,1195,2369,3564,2138,2203,665,1398,487,74,8878,3210,7002,1944,2594,1244,2264,3508,1931,2098,647,1483,354,61,8426,101.300195,0.664634146341,0.69512195122,6
MIL,1986,3582,7283,1968,2587,1222,2386,3609,2161,2224,747,1375,473,107,9240,3250,7007,2000,2687,1202,2309,3511,1928,2121,637,1596,393,88,8588,103.69982,0.707317073171,0.609756097561,6
MIL,1987,3529,7296,2008,2625,1154,2371,3525,2101,2195,825,1314,426,155,9221,3266,6974,2048,2735,1180,2401,3581,1983,2081,646,1591,428,108,8690,103.955715,0.65243902439,0.512195121951,5
MIL,1988,3411,7180,1892,2456,1118,2328,3446,2119,2084,758,1267,386,159,8874,3295,6984,1974,2603,1181,2438,3620,2074,1988,640,1448,454,126,8692,101.582195,0.560975609756,0.59756097561,5
MIL,1989,3382,7123,1893,2373,1125,2303,3428,2132,1971,746,1290,351,156,8814,3322,6982,1835,2389,1133,2367,3500,2122,1943,664,1434,437,164,8644,100.72893,0.55487804878,0.536585365854,5
MIL,1990,3389,7156,1838,2327,1120,2259,3379,2058,2019,823,1310,324,194,8811,3296,6886,1914,2469,1126,2370,3496,2066,1907,696,1514,434,188,8695,101.116825,0.567073170732,0.585365853659,5
MIL,1991,3358,7047,1759,2257,1093,2204,3297,2060,2059,860,1318,328,233,8709,3291,6823,1872,2441,1133,2360,3493,2023,1895,694,1518,452,185,8639,100.007427,0.560975609756,0.378048780488,3
MIL,1992,3329,7082,1696,2172,1188,2167,3355,2046,1968,878,1335,323,314,8668,3367,6843,1696,2253,1139,2317,3456,2070,1846,717,1475,467,205,8636,98.854996,0.481707317073,0.341463414634,3
MIL,1993,3294,7070,1570,2092,1173,2142,3316,2051,1941,863,1356,355,341,8500,3374,6877,1730,2316,1219,2358,3578,2102,1795,751,1448,464,245,8723,98.5032465,0.359756097561,0.243902439024,2
MIL,1994,3156,6865,1537,2131,1088,2133,3221,2015,1899,831,1353,400,321,8170,3279,6734,1753,2360,1177,2446,3624,2089,1793,770,1446,438,277,8589,97.361088,0.292682926829,0.414634146341,4
MIL,1995,3033,6696,1569,2220,1094,2170,3265,1841,1839,737,1368,383,412,8047,3251,6607,1600,2182,1050,2416,3466,2097,1875,769,1387,413,388,8492,95.8038405,0.329268292683,0.30487804878,3
MIL,1996,3028,6538,1510,2086,1018,2175,3193,1746,1900,628,1344,333,425,7991,3166,6505,1553,2137,1006,2321,3327,2021,1862,709,1285,390,502,8388,93.7201805,0.359756097561,0.40243902439,4
MIL,1997,3000,6396,1486,2009,964,2213,3177,1682,1917,607,1290,327,340,7827,3041,6388,1598,2195,986,2281,3267,1880,1764,668,1206,382,441,8122,91.746399,0.353658536585,0.439024390244,4
MIL,1998,2942,6351,1611,2135,995,2249,3244,1629,1903,682,1334,352,286,7783,2955,6337,1692,2295,988,2258,3246,1783,1792,726,1274,395,336,7939,92.245979,0.420731707317,0.56,5
MIL,1999,2335,5108,1255,1661,802,1802,2605,1339,1528,587,1051,279,240,6166,2255,5032,1404,1881,829,1829,2658,1382,1414,582,1089,296,288,6203,91.1820255,0.499512195122,0.512195121951,5
MIL,2000,2463,5322,1202,1568,793,1871,2664,1441,1581,556,974,292,312,6441,2316,5195,1357,1805,847,1883,2729,1502,1445,518,1066,269,401,6391,92.359722,0.536097560976,0.634146341463,6
MIL,2001,3143,6812,1516,1928,995,2436,3432,1848,1974,671,1156,384,478,8279,2972,6635,1682,2213,1025,2429,3454,1935,1824,614,1259,347,485,8112,94.6716005,0.573170731707,0.5,5
MIL,2002,3076,6687,1397,1820,908,2528,3436,1845,1858,634,1097,387,577,8128,2964,6736,1584,2076,1032,2464,3496,1883,1709,595,1104,355,466,7978,93.072533,0.567073170732,0.512195121951,5
MIL,2003,3043,6623,1402,1839,858,2462,3320,1835,1803,609,1054,366,589,8077,3029,6744,1531,2040,1036,2489,3525,1888,1663,571,1055,341,486,8076,92.406666,0.506097560976,0.5,5
MIL,2004,3007,6660,1590,2051,918,2434,3352,1847,1743,588,1031,363,493,8098,3038,6680,1501,2023,1002,2530,3533,1881,1781,579,1116,363,467,8045,92.83218,0.506097560976,0.365853658537,3
MIN,1989,0,0,0,0,0,0,0,0,0,0,0,0,0,0,0,0,0,0,0,0,0,0,0,0,0,0,0,0,0,0,0,0
MIN,1990,3067,6876,1596,2137,1196,2053,3249,1844,1901,789,1197,344,73,7803,3081,6391,1859,2420,1050,2322,3372,1880,1748,578,1366,489,129,8150,94.217224,0.268292682927,0.353658536585,3
MIN,1991,3166,7076,1563,2109,1235,2083,3318,1864,1882,750,1129,392,90,7986,3200,6584,1769,2319,1072,2350,3422,2011,1720,545,1302,500,150,8320,95.088619,0.310975609756,0.182926829268,1
MIN,1992,3315,7309,1455,1969,1221,2140,3361,1955,1865,665,1109,483,117,8203,3386,6947,1709,2278,1202,2456,3659,2115,1683,586,1226,542,171,8653,96.9267805,0.268292682927,0.231707317073,2
MIN,1993,3204,6935,1586,2052,1053,2186,3239,2013,1947,634,1289,490,146,8141,3388,6965,1784,2375,1216,2432,3649,2116,1775,697,1223,534,189,8749,97.250004,0.207317073171,0.243902439024,2
MIN,1994,3014,6532,1785,2275,965,2273,3238,1984,2022,624,1450,447,174,7988,3283,6844,1806,2432,1112,2313,3425,2126,1865,779,1197,521,217,8591,96.806992,0.237804878049,0.256097560976,2
MIN,1995,2888,6377,1800,2329,936,2216,3153,1873,2045,604,1439,421,250,7828,3166,6691,1801,2471,1135,2300,3436,2088,1918,763,1243,530,347,8481,95.437588,0.25,0.317073170732,3
MIN,1996,2883,6350,1810,2334,934,2180,3114,1823,2034,629,1413,441,298,7875,3087,6547,1790,2429,1102,2311,3413,2017,1961,714,1333,505,499,8463,94.9067,0.286585365854,0.487804878049,4
MIN,1997,2955,6458,1717,2247,971,2286,3257,1870,1906,634,1334,519,325,7953,3015,6562,1703,2276,1052,2340,3393,1875,1884,689,1313,471,498,8233,94.4954795,0.40243902439,0.548780487805,5
MIN,1998,3047,6640,1655,2216,1010,2365,3375,1971,1850,628,1190,492,337,8086,3010,6699,1647,2202,1092,2387,3480,1847,1846,631,1255,428,449,8117,94.4472505,0.518292682927,0.5,5
MIN,1999,2497,5585,1261,1698,908,1910,2819,1643,1533,532,889,349,212,6468,2378,5341,1351,1845,853,1987,2840,1511,1440,486,1032,337,322,6430,94.667427,0.524390243902,0.609756097561,6
MIN,2000,2532,5618,1114,1456,885,1931,2816,1711,1549,524,890,358,185,6363,2302,5200,1349,1827,753,2001,2755,1425,1351,477,1034,303,296,6250,94.0831145,0.55487804878,0.573170731707,5
MIN,2001,3187,6890,1371,1753,1009,2470,3479,2144,1906,652,1122,450,285,8030,2950,6582,1605,2174,941,2472,3414,1785,1670,587,1206,350,365,7871,94.15691,0.591463414634,0.609756097561,6
MIN,2002,3161,6879,1381,1745,1030,2516,3546,2038,1819,603,1087,441,359,8063,2969,6621,1509,2061,939,2415,3355,1844,1665,562,1108,382,421,7869,93.076641,0.591463414634,0.621951219512,6
MIN,2003,3173,6848,1402,1790,1009,2588,3597,2031,1721,538,1080,430,346,8095,2983,6763,1423,1905,943,2385,3328,1863,1680,556,1050,402,480,7870,93.16843,0.615853658537,0.707317073171,7
MIN,2004,3102,6690,1383,1784,917,2629,3546,1980,1717,557,1047,447,311,7899,2873,6749,1410,1873,987,2421,3409,1786,1669,559,1057,347,432,7588,92.158367,0.664634146341,0.536585365854,5
NJN,1985,3630,7351,1686,2362,1227,2319,3546,2155,2127,793,1481,457,50,8997,3468,7007,1943,2564,1090,2356,3446,1944,2047,730,1585,384,63,8942,104.408875,0.530487804878,0.475609756098,4
NJN,1986,3597,7373,1720,2316,1208,2404,3612,2145,2070,760,1465,380,47,8962,3509,7082,1928,2538,1060,2387,3447,1997,1967,731,1509,371,87,9034,104.542445,0.493902439024,0.292682926829,2
NJN,1987,3461,7192,1905,2501,1176,2446,3622,2059,2241,696,1596,371,94,8921,3461,7124,2180,2820,1082,2360,3443,1988,2064,798,1440,478,107,9209,105.37637,0.384146341463,0.231707317073,2
NJN,1988,3291,6970,1841,2457,1122,2335,3457,1893,2197,685,1560,391,141,8564,3427,7021,2124,2718,1081,2406,3488,1975,2034,811,1395,544,124,9103,102.86807,0.262195121951,0.317073170732,3
NJN,1989,3270,7041,1667,2284,1139,2340,3480,1794,2004,750,1476,408,162,8370,3498,7040,1822,2352,1032,2468,3500,2063,1888,776,1404,503,144,8963,101.720475,0.274390243902,0.207317073171,2
NJN,1990,3245,7320,1703,2305,1283,2371,3655,1634,1959,773,1404,456,163,8357,3481,7091,1827,2388,1087,2533,3620,2002,1860,756,1397,481,149,8940,102.189355,0.262195121951,0.317073170732,3
NJN,1991,3234,7437,1706,2297,1381,2336,3717,1628,1953,761,1391,540,150,8324,3388,7113,1916,2492,1215,2558,3774,1804,1891,799,1435,509,138,8832,102.063885,0.262195121951,0.487804878049,4
NJN,1992,3392,7519,1564,2127,1456,2370,3826,1859,1894,742,1407,607,192,8541,3398,7190,1851,2405,1401,2291,3692,1763,1809,818,1397,512,148,8795,100.6431105,0.40243902439,0.524390243902,5
NJN,1993,3372,7332,1601,2133,1401,2449,3850,1904,1863,714,1373,570,189,8536,3326,7060,1720,2283,1308,2200,3508,1787,1801,793,1323,450,181,8554,98.6484145,0.506097560976,0.548780487805,5
NJN,1994,3220,7099,1816,2376,1295,2531,3826,1886,1792,694,1275,551,189,8446,3248,7035,1589,2143,1122,2436,3558,1852,1891,747,1276,499,218,8304,98.2544785,0.536585365854,0.365853658537,3
NJN,1995,3054,6926,1825,2400,1256,2562,3819,1892,1768,620,1248,562,318,8251,3224,7014,1504,2055,1099,2481,3580,1872,1906,724,1176,511,337,8290,96.518944,0.457317073171,0.365853658537,3
NJN,1996,2910,6744,1711,2274,1281,2536,3817,1818,1862,585,1337,559,332,7863,3094,6764,1485,2033,1042,2395,3437,1851,1918,699,1187,478,491,8165,94.3135645,0.365853658537,0.317073170732,3
NJN,1997,2937,6920,1587,2137,1380,2439,3819,1739,1872,652,1332,526,367,7829,3053,6654,1552,2089,1046,2409,3456,1900,1852,670,1263,516,531,8189,94.3096965,0.341463414634,0.524390243902,5
NJN,1998,3024,7009,1626,2191,1377,2256,3633,1705,1891,727,1235,397,397,8072,3058,6545,1640,2198,1072,2390,3462,1848,1901,645,1369,515,438,8194,94.5319865,0.420731707317,0.32,3
NJN,1999,2373,5544,1356,1801,1029,1787,2816,1304,1525,634,965,293,267,6369,2406,5187,1298,1754,851,1948,2800,1369,1553,505,1147,420,289,6399,94.032158,0.422195121951,0.378048780488,3
NJN,2000,2335,5521,1281,1646,877,1876,2753,1305,1523,605,934,333,351,6302,2460,5354,1223,1655,876,2119,2995,1412,1476,481,1089,397,295,6439,94.4613875,0.349024390244,0.317073170732,3
NJN,2001,2880,6716,1615,2093,974,2326,3300,1645,1947,684,1129,400,419,7794,3031,6596,1583,2121,1065,2639,3704,1848,1838,593,1312,495,398,8043,94.0934485,0.34756097561,0.634146341463,6
NJN,2002,2911,6683,1515,2026,974,2426,3400,1796,1858,682,1154,448,382,7720,2897,6560,1543,2060,1000,2569,3569,1701,1738,644,1250,481,418,7757,93.508289,0.475609756098,0.59756097561,5
NJN,2003,2974,6700,1532,2051,1015,2521,3536,1938,1753,716,1176,432,374,7854,2807,6564,1438,1915,965,2489,3454,1585,1772,681,1270,430,417,7470,93.538551,0.615853658537,0.573170731707,5
NJN,2004,2859,6478,1530,2025,926,2500,3427,1948,1747,713,1170,348,361,7610,2725,6382,1422,1885,903,2466,3369,1617,1808,674,1270,397,421,7294,91.812462,0.585365853659,0.512195121951,5
NOH,2002,0,0,0,0,0,0,0,0,0,0,0,0,0,0,0,0,0,0,0,0,0,0,0,0,0,0,0,0,0,0,0,0
NOH,2003,2914,6695,1467,1910,1097,2475,3572,1807,1767,656,1151,394,404,7699,2857,6518,1474,1925,909,2368,3277,1630,1754,647,1159,427,338,7526,91.892624,0.573170731707,0.5,5
NOH,2004,2843,6650,1460,1923,1094,2446,3540,1761,1741,682,1153,370,467,7614,2850,6480,1440,1901,940,2422,3363,1710,1744,630,1181,428,391,7531,91.3463135,0.536585365854,0.219512195122,2
NYK,1985,3410,6969,1825,2430,1102,2166,3268,2020,2339,778,1522,313,49,8695,3294,6709,2079,2740,1132,2286,3418,2096,2117,694,1636,421,59,8727,102.005985,0.432926829268,0.280487804878,2
NYK,1986,3337,7067,1620,2293,1098,2136,3234,1938,2305,734,1448,287,66,8360,3260,6702,2192,2875,1192,2494,3686,2075,2028,684,1609,445,67,8780,101.59404,0.286585365854,0.292682926829,2
NYK,1987,3284,7028,1629,2299,1094,2166,3260,1909,2120,709,1429,352,103,8301,3346,6907,2015,2639,1248,2517,3766,2079,1984,731,1523,422,81,8788,101.0368,0.286585365854,0.463414634146,4
NYK,1988,3346,7127,1737,2334,1197,2178,3375,1976,2194,746,1469,420,152,8581,3351,6926,2052,2670,1243,2366,3609,2078,1959,733,1524,423,104,8858,101.5857,0.378048780488,0.634146341463,6
NYK,1989,3532,7421,1764,2336,1304,2229,3533,2047,2207,844,1545,445,282,9111,3419,7034,2005,2598,1184,2305,3489,2148,1933,741,1659,440,133,8976,104.81732,0.548780487805,0.548780487805,5
NYK,1990,3567,7350,1777,2357,1254,2345,3600,2111,1940,807,1492,469,311,9223,3566,7394,1716,2245,1231,2305,3536,2209,1883,748,1487,425,161,9010,104.33466,0.591463414634,0.475609756098,4
NYK,1991,3371,6955,1714,2248,1120,2431,3551,2156,1796,676,1395,455,210,8667,3453,7296,1534,2001,1184,2310,3494,2062,1841,721,1263,393,177,8618,99.5762575,0.512195121951,0.621951219512,6
NYK,1992,3310,6884,1578,2098,1119,2462,3581,2151,1834,636,1310,400,193,8391,3246,6944,1568,2037,1066,2288,3355,1888,1808,696,1244,382,181,8241,96.807232,0.548780487805,0.731707317073,7
NYK,1993,3260,6922,1610,2182,1167,2574,3742,2127,2008,657,1269,377,197,8328,2952,6674,1807,2377,1022,2283,3305,1718,1906,663,1304,390,204,7916,96.6172145,0.676829268293,0.69512195122,6
NYK,1994,3153,6816,1640,2206,1162,2601,3763,2096,2056,716,1328,378,254,8202,2802,6536,1816,2461,1023,2285,3308,1667,1953,667,1390,358,241,7663,96.328564,0.713414634146,0.670731707317,6
NYK,1995,3041,6564,1558,2105,1052,2507,3559,2061,2051,671,1332,386,424,8065,2791,6430,1743,2395,1018,2281,3299,1630,1902,658,1342,328,325,7651,94.157635,0.682926829268,0.573170731707,5
NYK,1996,2994,6388,1516,2034,879,2461,3340,1938,1983,618,1288,382,508,8012,2829,6440,1711,2320,1008,2371,3379,1627,1834,646,1278,302,419,7790,93.2210885,0.621951219512,0.69512195122,6
NYK,1997,2942,6304,1532,2036,901,2482,3383,1815,1948,637,1367,377,477,7895,2762,6371,1686,2290,953,2322,3275,1630,1822,690,1313,288,461,7672,93.108673,0.634146341463,0.524390243902,5
NYK,1998,2873,6320,1492,1965,975,2475,3450,1798,1990,631,1354,328,426,7664,2644,6201,1740,2346,882,2280,3163,1587,1793,690,1283,304,406,7435,91.8583335,0.609756097561,0.54,5
NYK,1999,2237,5058,1145,1515,764,1972,2736,1375,1543,514,1025,270,295,5914,2076,4960,1353,1819,735,1883,2618,1254,1370,539,1000,264,282,5788,90.0446055,0.532195121951,0.609756097561,6
NYK,2000,2253,5038,1151,1511,676,2015,2692,1275,1561,454,1002,311,279,5937,2119,5094,1294,1744,771,1933,2704,1266,1417,513,963,284,319,5852,90.466099,0.57487804878,0.585365853659,5
NYK,2001,2826,6285,1392,1766,787,2522,3310,1554,1923,529,1166,353,371,7415,2639,6279,1543,2084,899,2429,3328,1591,1776,599,1153,345,424,7247,89.9951515,0.59756097561,0.365853658537,3
NYK,2002,2786,6359,1390,1756,824,2491,3315,1620,1831,551,1143,317,432,7394,2746,6364,1514,2031,915,2479,3394,1667,1711,641,1103,361,444,7450,90.031414,0.475609756098,0.451219512195,4
NYK,2003,2892,6622,1363,1703,859,2417,3276,1760,1844,568,1134,271,540,7687,2942,6524,1620,2120,947,2576,3523,1747,1649,656,1096,341,400,7906,92.1869165,0.408536585366,0.475609756098,4
NYK,2004,2924,6619,1347,1676,896,2459,3355,1747,1892,593,1183,323,506,7701,2873,6484,1684,2195,942,2528,3471,1704,1614,651,1106,340,386,7817,92.1884765,0.463414634146,0.40243902439,4
ORL,1989,0,0,0,0,0,0,0,0,0,0,0,0,0,0,0,0,0,0,0,0,0,0,0,0,0,0,0,0,0,0,0,0
ORL,1990,3457,7525,2060,2725,1304,2465,3769,1993,1975,617,1407,294,116,9090,3864,7757,1897,2502,1173,2569,3742,2333,2060,734,1216,556,196,9821,107.1437,0.219512195122,0.378048780488,3
ORL,1991,3377,7390,1939,2586,1268,2447,3715,1901,1975,609,1399,300,193,8887,3659,7494,1888,2476,1134,2534,3668,2225,2021,720,1215,605,209,9415,104.705755,0.298780487805,0.256097560976,2
ORL,1992,3259,7179,1755,2357,1202,2379,3581,1800,1976,622,1390,336,233,8507,3440,7138,1854,2444,1101,2472,3573,2106,1939,748,1243,594,219,8953,101.294995,0.317073170732,0.5,5
ORL,1993,3238,6905,1757,2381,1105,2447,3553,1872,1951,592,1409,417,257,8491,3366,7150,1756,2371,1136,2358,3494,2093,1935,753,1195,467,231,8720,99.7729215,0.378048780488,0.609756097561,6
ORL,1994,3299,6795,1705,2420,1108,2461,3569,2011,1819,612,1378,461,355,8659,3285,7190,1603,2176,1181,2288,3469,2097,1909,735,1173,421,272,8445,98.330631,0.55487804878,0.69512195122,6
ORL,1995,3400,6891,1619,2405,1163,2406,3569,2175,1719,677,1312,472,458,8878,3252,7109,1542,2076,1166,2265,3432,2044,1899,728,1231,404,382,8429,97.8223495,0.65243902439,0.731707317073,7
ORL,1996,3331,6769,1595,2348,1057,2429,3486,2180,1717,667,1228,447,572,8831,3151,6914,1529,2071,1111,2295,3407,1927,1890,672,1236,345,482,8313,96.243229,0.713414634146,0.548780487805,5
ORL,1997,3021,6568,1508,2103,1018,2311,3329,1884,1676,678,1205,384,594,8145,3013,6593,1430,1948,1083,2381,3465,1833,1798,674,1276,370,475,7931,92.611389,0.640243902439,0.5,5
ORL,1998,2805,6476,1513,2056,1124,2212,3336,1691,1630,671,1254,402,430,7553,2948,6455,1331,1814,1084,2333,3417,1769,1817,725,1286,402,384,7611,90.449886,0.524390243902,0.66,6
ORL,1999,2229,5199,1214,1695,933,1824,2757,1380,1276,572,1038,327,258,5930,2319,5158,999,1377,842,1846,2688,1389,1488,607,1061,313,271,5909,90.4869385,0.58,0.5,5
ORL,2000,2428,5478,1225,1697,916,1992,2909,1388,1451,619,1131,340,258,6339,2392,5387,1132,1545,844,1948,2793,1515,1559,596,1175,357,330,6246,95.3496555,0.58,0.524390243902,5
ORL,2001,3091,6943,1525,2105,1107,2495,3602,1756,2019,708,1329,474,392,8099,2953,6709,1726,2335,1077,2541,3618,1892,1977,709,1406,457,398,8030,97.653244,0.512195121951,0.536585365854,5
ORL,2002,3050,6883,1461,1992,1005,2445,3450,1803,1885,669,1150,432,555,8116,2973,6664,1677,2280,1073,2621,3695,1861,1841,676,1283,411,387,8011,95.382587,0.530487804878,0.512195121951,5
ORL,2003,3017,6828,1531,1998,950,2416,3366,1740,1794,680,1111,342,594,8159,3061,6716,1559,2072,1028,2614,3643,1883,1780,650,1263,395,407,8089,95.0769385,0.524390243902,0.256097560976,2
ORL,2004,2925,6765,1545,2039,980,2371,3351,1630,1816,621,1100,304,498,7894,3088,6703,1553,2057,1021,2583,3604,1920,1757,634,1171,425,448,8177,93.9267005,0.384146341463,0.439024390244,4
PHI,1985,3413,6912,2178,2794,1241,2373,3614,2015,2005,812,1601,593,44,9049,3460,7146,1807,2382,1209,2205,3414,2100,2223,779,1546,437,63,8791,102.95401,0.670731707317,0.658536585366,6
PHI,1986,3439,7025,2223,2846,1313,2371,3684,2008,1884,839,1585,512,55,9156,3554,7242,1701,2219,1186,2200,3386,2197,2198,777,1527,430,81,8891,103.40222,0.682926829268,0.548780487805,5
PHI,1987,3385,6925,2050,2713,1252,2352,3604,1980,1786,815,1557,515,69,8890,3576,7266,1549,2045,1201,2215,3416,2228,2084,807,1446,457,100,8801,101.74272,0.603658536585,0.439024390244,4
PHI,1988,3274,6788,2029,2674,1198,2317,3515,1920,1820,720,1476,502,120,8698,3519,7133,1596,2106,1161,2213,3375,2209,2050,765,1326,443,131,8765,99.524405,0.493902439024,0.560975609756,5
PHI,1989,3357,6993,2028,2617,1181,2331,3512,2003,1793,680,1323,409,178,8920,3579,7179,1602,2093,1129,2318,3447,2249,2051,679,1274,443,156,8918,99.92281,0.5,0.646341463415,6
PHI,1990,3468,7114,1973,2506,1127,2381,3508,2021,1709,688,1211,359,196,9106,3537,7206,1574,2038,1131,2384,3515,2218,1964,638,1251,412,191,8840,99.878571,0.603658536585,0.536585365854,5
PHI,1991,3363,6976,1922,2437,1047,2451,3498,1878,1663,682,1219,422,192,8840,3476,7274,1486,1924,1134,2437,3572,2187,1903,663,1205,385,204,8643,99.197193,0.591463414634,0.426829268293,4
PHI,1992,3238,6843,1812,2316,1021,2402,3423,1789,1605,685,1234,480,211,8499,3492,7288,1381,1783,1163,2442,3605,2223,1814,688,1180,422,192,8559,97.699661,0.481707317073,0.317073170732,3
PHI,1993,3206,6918,1766,2263,1044,2370,3414,1896,1593,682,1300,524,278,8457,3557,7346,1396,1825,1214,2499,3714,2316,1778,733,1237,472,234,8745,98.763004,0.371951219512,0.30487804878,3
PHI,1994,3164,6947,1642,2185,1021,2412,3434,1932,1546,667,1365,545,324,8294,3607,7443,1357,1811,1230,2620,3850,2381,1759,793,1240,438,271,8843,99.7344855,0.310975609756,0.292682926829,2
PHI,1995,3026,6698,1538,2118,1058,2312,3370,1696,1661,653,1361,550,336,7926,3324,7000,1433,1900,1172,2462,3634,2174,1794,759,1244,403,365,8447,95.744976,0.298780487805,0.219512195122,2
PHI,1996,2872,6497,1614,2194,1068,2195,3263,1597,1806,643,1384,498,423,7783,3192,6729,1520,2021,1153,2397,3551,2050,1885,717,1293,445,496,8401,93.910442,0.256097560976,0.268292682927,2
PHI,1997,2899,6634,1719,2356,1149,2258,3407,1662,1755,663,1425,407,462,7980,3299,6920,1518,2060,1175,2465,3640,2087,1960,772,1283,481,542,8658,95.989147,0.243902439024,0.378048780488,3
PHI,1998,2920,6629,1755,2401,1196,2324,3520,1712,1805,706,1395,442,338,7933,3110,6742,1608,2198,1150,2397,3547,1996,1956,794,1298,501,471,8299,95.144829,0.323170731707,0.56,5
PHI,1999,2246,5146,1403,1919,927,1861,2788,1331,1515,635,1088,380,170,6067,2252,5112,1296,1775,867,1871,2738,1463,1544,600,1107,385,312,6113,92.14843,0.469024390244,0.59756097561,5
PHI,2000,2324,5329,1325,1856,938,1948,2886,1375,1545,666,1053,328,153,6127,2233,5189,1225,1644,842,1951,2793,1413,1581,533,1170,396,329,6020,93.468151,0.578780487805,0.682926829268,6
PHI,2001,2947,6631,1637,2251,1111,2534,3645,1754,1806,740,1257,397,235,7767,2869,6647,1376,1830,1025,2433,3458,1799,1956,651,1330,493,422,7536,93.836464,0.640243902439,0.524390243902,5
PHI,2002,2853,6461,1668,2190,1083,2567,3650,1665,1659,697,1203,385,238,7612,2821,6599,1296,1729,983,2357,3340,1769,1881,663,1180,458,432,7371,91.279938,0.603658536585,0.585365853659,5
PHI,2003,2889,6538,1693,2179,1067,2474,3541,1704,1725,774,1166,323,229,7702,2823,6431,1448,1916,944,2374,3318,1788,1855,646,1250,482,445,7541,91.7283135,0.55487804878,0.40243902439,4
PHI,2004,2828,6450,1630,2132,991,2411,3403,1705,1752,749,1182,321,292,7579,2813,6366,1510,2008,952,2399,3351,1778,1820,658,1270,484,448,7585,91.5463485,0.493902439024,0.524390243902,5
PHO,1985,3592,7182,1715,2242,1046,2361,3407,2274,2090,710,1517,368,80,8979,3557,7185,1856,2417,1095,2374,3469,2120,2028,723,1474,354,59,9029,104.35932,0.469512195122,0.390243902439,3
PHO,1986,3512,7068,1853,2481,1030,2437,3467,2303,2147,750,1673,364,62,8940,3587,7308,1898,2493,1131,2340,3471,2165,2117,806,1491,438,77,9149,106.18346,0.414634146341,0.439024390244,4
PHO,1987,3546,7091,1924,2591,1073,2407,3481,2313,2153,738,1630,388,49,9067,3596,7321,1991,2631,1186,2310,3496,2197,2125,820,1471,450,106,9289,106.087845,0.414634146341,0.341463414634,3
PHO,1988,3563,7246,1790,2349,1113,2372,3485,2343,2046,689,1455,375,89,9006,3616,7292,1932,2538,1169,2385,3555,2235,1967,754,1362,438,125,9289,104.095325,0.390243902439,0.670731707317,6
PHO,1989,3652,7423,1866,2397,1104,2499,3603,2306,1989,684,1346,384,143,9314,3599,7492,1829,2407,1178,2437,3615,2195,1979,667,1332,434,154,9182,105.31472,0.506097560976,0.658536585366,6
PHO,1990,3649,7342,2105,2655,1074,2635,3709,2194,1879,680,1277,458,172,9575,3558,7662,1661,2235,1227,2396,3623,2145,2104,651,1311,411,190,8968,105.42085,0.664634146341,0.670731707317,6
PHO,1991,3558,7169,2111,2698,1092,2624,3717,2159,1837,677,1288,518,157,9385,3495,7543,1645,2203,1198,2316,3515,2048,2105,679,1268,429,191,8826,103.5584,0.664634146341,0.646341463415,6
PHO,1992,3563,7209,1962,2538,1110,2578,3688,2205,1851,680,1272,558,182,9271,3445,7488,1687,2225,1206,2321,3528,1940,1995,670,1270,478,181,8759,102.85732,0.658536585366,0.756097560976,7
PHO,1993,3523,7156,1886,2468,1114,2534,3648,2144,1795,712,1300,518,312,9246,3464,7392,1585,2142,1168,2330,3498,2008,1986,683,1293,502,215,8729,102.065335,0.701219512195,0.682926829268,6
PHO,1994,3461,7086,1793,2420,1180,2481,3662,2174,1689,748,1332,457,371,9087,3439,7221,1470,2038,1102,2281,3383,2130,1955,728,1291,474,266,8615,100.384554,0.719512195122,0.719512195122,7
PHO,1995,3392,7023,1725,2326,1123,2428,3551,2229,1739,716,1236,386,464,8974,3349,7049,1514,2068,1062,2339,3401,2151,1948,703,1269,414,404,8617,98.671501,0.701219512195,0.5,5
PHO,1996,3257,6820,1842,2412,1018,2452,3470,2099,1807,655,1187,321,455,8812,3268,6900,1565,2110,1020,2406,3427,2118,2018,622,1238,405,538,8640,97.283363,0.609756097561,0.487804878049,4
PHO,1997,3151,6689,1762,2298,962,2438,3401,2034,1751,643,1193,326,427,8491,3200,6827,1503,2033,1025,2421,3447,2042,1925,624,1244,396,548,8451,95.930641,0.493902439024,0.682926829268,6
PHO,1998,3140,6707,1538,2036,953,2414,3367,2095,1746,710,1208,375,479,8298,3053,6718,1483,2017,1049,2402,3451,1899,1804,691,1330,347,469,8059,95.158123,0.585365853659,0.54,5
PHO,1999,2467,5357,1191,1581,794,1935,2729,1686,1393,600,958,314,346,6472,2347,5277,1175,1637,832,1924,2757,1433,1417,565,1087,264,333,6203,93.3373185,0.611463414634,0.646341463415,6
PHO,2000,2445,5387,1195,1574,810,1988,2798,1673,1497,594,1024,316,359,6445,2298,5300,1240,1714,842,1985,2828,1382,1429,571,1116,315,337,6174,94.2668535,0.593170731707,0.621951219512,6
PHO,2001,3018,6764,1478,1953,996,2543,3539,2001,1918,759,1287,431,395,7910,2808,6543,1624,2166,986,2526,3513,1676,1806,707,1401,420,365,7606,95.652626,0.634146341463,0.439024390244,4
PHO,2002,3020,6845,1370,1801,1021,2479,3500,1871,1824,721,1187,414,345,7756,2874,6542,1564,2070,966,2540,3505,1737,1669,683,1291,445,380,7693,94.1802365,0.530487804878,0.536585365854,5
PHO,2003,3051,6855,1340,1779,1060,2435,3495,1778,1792,666,1166,402,376,7818,2935,6660,1495,1973,1030,2489,3519,1822,1641,662,1220,460,434,7799,93.4455985,0.487804878049,0.353658536585,3
PHO,2004,2981,6723,1411,1896,986,2423,3409,1652,1831,699,1184,393,404,7778,2944,6664,1540,2012,1034,2518,3552,1792,1676,644,1236,438,457,7885,93.712185,0.44512195122,0.756097560976,7
POR,1985,3670,7281,1995,2652,1226,2246,3472,2153,2045,817,1482,456,38,9373,3631,7218,1767,2317,1163,2260,3424,2177,2172,687,1620,449,58,9088,105.153475,0.548780487805,0.487804878049,4
POR,1986,3659,7327,2072,2733,1177,2307,3484,2202,2081,840,1505,436,62,9452,3667,7371,1864,2453,1223,2349,3572,2244,2211,743,1626,442,71,9269,107.04204,0.5,0.59756097561,5
POR,1987,3630,7265,2205,2863,1166,2364,3531,2269,2143,813,1537,371,86,9551,3643,7386,1994,2613,1193,2320,3514,2221,2245,747,1574,449,99,9379,107.65742,0.542682926829,0.646341463415,6
POR,1988,3655,7354,2174,2814,1215,2452,3667,2333,2086,746,1448,367,107,9592,3570,7432,2009,2610,1180,2339,3520,2171,2181,691,1473,424,128,9278,106.972175,0.621951219512,0.475609756098,4
POR,1989,3678,7627,1934,2558,1317,2436,3753,2259,2058,777,1393,367,166,9456,3532,7331,1977,2568,1152,2395,3547,2113,2047,693,1506,367,169,9211,106.63771,0.560975609756,0.719512195122,7
POR,1990,3633,7671,1910,2575,1369,2466,3836,2148,2037,788,1395,376,203,9380,3461,7274,1925,2502,1103,2374,3477,2049,2023,702,1529,395,213,9061,106.56047,0.59756097561,0.768292682927,7
POR,1991,3574,7458,1971,2636,1278,2556,3835,2169,2011,736,1332,387,265,9386,3335,7251,1868,2420,1067,2355,3422,2037,2080,648,1443,392,232,8771,104.943635,0.743902439024,0.69512195122,6
POR,1992,3526,7360,1885,2500,1248,2555,3803,2159,1979,738,1318,410,333,9271,3284,7212,1808,2354,1088,2345,3433,2014,2016,659,1383,392,240,8617,103.19468,0.731707317073,0.621951219512,6
POR,1993,3418,7347,1879,2507,1260,2528,3788,2017,1937,761,1271,417,300,9016,3293,7137,1744,2296,1059,2431,3491,2019,2023,668,1386,442,260,8591,102.36402,0.658536585366,0.573170731707,5
POR,1994,3366,7385,1841,2473,1264,2483,3747,2019,1859,757,1212,417,273,8846,3324,7091,1676,2221,1019,2504,3523,2076,2016,651,1397,422,286,8611,101.950265,0.59756097561,0.536585365854,5
POR,1995,3294,7280,1668,2313,1327,2451,3778,1958,1925,706,1211,438,367,8623,3131,6761,1727,2298,949,2388,3337,1941,1941,646,1346,399,369,8358,98.82417,0.55487804878,0.536585365854,5
POR,1996,3140,6911,1546,2275,1256,2510,3766,1803,1941,631,1294,442,471,8298,2952,6571,1684,2253,907,2305,3213,1803,1967,673,1247,407,457,8045,95.810852,0.536585365854,0.59756097561,5
POR,1997,3032,6576,1575,2291,1109,2535,3644,1735,1893,617,1367,426,490,8129,2875,6550,1646,2227,942,2256,3198,1760,1941,682,1217,418,464,7862,94.5698205,0.567073170732,0.560975609756,5
POR,1998,2942,6431,1626,2243,1072,2508,3580,1738,1893,612,1370,449,412,7924,2804,6471,1672,2290,981,2199,3180,1733,1855,713,1201,436,415,7695,93.1635515,0.579268292683,0.7,7
POR,1999,2316,5176,1321,1787,866,2046,2912,1419,1492,498,1077,377,285,6238,2227,5229,1271,1758,813,1794,2608,1363,1482,590,972,344,296,6021,92.616768,0.630487804878,0.719512195122,7
POR,2000,2384,5193,1272,1689,806,2065,2871,1499,1495,522,1007,346,326,6366,2234,5248,1169,1624,797,1804,2601,1333,1507,531,985,297,307,5945,92.327873,0.709756097561,0.609756097561,6
POR,2001,3012,6423,1494,1964,963,2520,3483,1944,1805,652,1227,410,388,7907,2822,6496,1429,1957,962,2229,3191,1725,1804,649,1177,337,400,7473,91.4091565,0.664634146341,0.59756097561,5
POR,2002,3004,6543,1449,1900,1022,2462,3484,1944,1679,687,1164,393,417,7874,2885,6472,1374,1850,918,2283,3201,1845,1693,629,1158,366,436,7580,90.942333,0.603658536585,0.609756097561,6
POR,2003,2995,6581,1450,1924,1038,2411,3449,1893,1623,713,1151,342,422,7864,2946,6524,1289,1715,901,2309,3211,1904,1660,647,1174,401,451,7634,91.2080575,0.603658536585,0.5,5
POR,2004,2942,6479,1356,1837,1016,2377,3393,1814,1594,669,1159,380,380,7621,2948,6553,1243,1638,964,2291,3256,1887,1601,669,1133,392,427,7566,89.876713,0.55487804878,0.329268292683,3
SAC,1985,0,0,0,0,0,0,0,0,0,0,0,0,0,0,0,0,0,0,0,0,0,0,0,0,0,0,0,0,0,0,0,0
SAC,1986,3538,7220,1818,2338,1135,2377,3512,2304,2134,602,1533,388,30,8924,3566,7225,1971,2609,1142,2339,3481,2118,2083,751,1409,478,73,9176,104.47717,0.451219512195,0.353658536585,3
SAC,1987,3530,7316,1896,2408,1208,2409,3617,2244,2070,557,1468,392,53,9009,3611,7347,1946,2554,1151,2347,3498,2136,2075,729,1309,482,99,9267,104.34747,0.40243902439,0.292682926829,2
SAC,1988,3490,7375,1884,2401,1257,2586,3708,2150,1951,547,1430,445,110,8975,3687,7467,1846,2413,1156,2389,3546,2165,2009,745,1202,510,122,9343,103.828675,0.323170731707,0.329268292683,3
SAC,1989,3410,7344,1707,2214,1186,2592,3644,2043,1886,603,1413,451,225,8753,3653,7442,1759,2313,1162,2514,3676,2141,1886,771,1239,487,150,9216,103.24678,0.310975609756,0.280487804878,2
SAC,1990,3333,7203,1567,2034,1046,2408,3455,2011,1870,585,1304,400,261,8496,3486,7289,1787,2312,1158,2567,3726,2064,1780,731,1226,416,170,8931,101.115495,0.30487804878,0.30487804878,3
SAC,1991,3195,6937,1527,2034,989,2290,3280,2021,1969,588,1255,452,216,8134,3263,6922,1936,2505,1155,2537,3692,1967,1793,701,1240,419,157,8620,97.957127,0.292682926829,0.353658536585,3
SAC,1992,3217,7003,1577,2133,1040,2286,3326,1974,1919,679,1316,565,227,8238,3349,7053,1886,2491,1237,2591,3828,2020,1831,757,1334,489,179,8765,99.508082,0.329268292683,0.30487804878,3
SAC,1993,3354,7226,1740,2304,1095,2317,3413,2016,1924,747,1362,483,250,8698,3488,7222,1891,2504,1224,2600,3825,2100,1913,791,1411,540,208,9076,102.85175,0.329268292683,0.341463414634,3
SAC,1994,3269,7145,1770,2369,1129,2315,3444,2052,2032,718,1348,351,259,8569,3390,7020,1910,2579,1163,2568,3731,2062,1952,756,1403,524,245,8935,101.5512485,0.323170731707,0.475609756098,4
SAC,1995,3102,6745,1661,2304,1097,2337,3434,1926,2009,659,1391,406,308,8173,3162,6783,1800,2460,1167,2421,3588,1936,1964,751,1344,506,327,8451,97.27853,0.408536585366,0.475609756098,4
SAC,1996,2998,6478,1703,2362,1093,2335,3428,1826,2085,646,1445,446,410,8109,2975,6505,1891,2534,1100,2290,3390,1812,2019,761,1352,510,419,8261,95.13818,0.475609756098,0.414634146341,4
SAC,1997,2985,6552,1626,2237,1107,2326,3433,1814,2038,615,1387,399,438,8035,2998,6491,1836,2466,1059,2326,3386,1791,1897,741,1306,467,451,8285,94.525219,0.44512195122,0.329268292683,3
SAC,1998,2978,6647,1467,2081,1097,2305,3402,1817,1878,592,1301,391,348,7772,3052,6648,1641,2219,1110,2437,3547,1800,1782,705,1256,447,393,8140,93.9172135,0.371951219512,0.54,5
SAC,1999,2437,5495,1161,1694,900,1938,2838,1482,1413,520,1056,326,286,6323,2552,5638,1176,1607,953,2065,3019,1494,1438,592,1023,343,282,6562,96.8560985,0.434634146341,0.536585365854,5
SAC,2000,2597,5797,1202,1655,881,2104,2985,1541,1372,615,1083,306,412,6808,2639,5870,1113,1511,946,2179,3126,1557,1522,621,1114,312,307,6699,100.5904405,0.538292682927,0.670731707317,6
SAC,2001,3204,7128,1560,2046,1021,2176,3692,1902,1662,790,1251,406,506,8475,3178,7189,1362,1817,1132,2702,3834,1883,1854,709,1357,439,398,8117,99.5577675,0.603658536585,0.743902439024,7
SAC,2002,3199,6986,1609,2114,1000,2210,3703,1905,1578,767,1136,403,452,8460,3107,7123,1301,1744,1093,2630,3723,1827,1796,649,1237,431,393,7910,97.231026,0.707317073171,0.719512195122,7
SAC,2003,3254,6996,1492,1993,956,2726,3683,1996,1613,738,1133,416,458,8460,3059,7116,1383,1863,1105,2615,3720,1798,1730,658,1196,369,379,7881,97.1671335,0.731707317073,0.670731707317,6
SAC,2004,3172,6850,1496,1938,894,2621,3515,2093,1626,722,1139,391,546,8387,3065,7023,1393,1871,1112,2567,3680,1750,1726,667,1185,382,391,7915,95.868931,0.69512195122,0.609756097561,6
SAS,1985,3803,7461,1963,2587,1178,2499,3677,2338,2163,721,1494,467,67,9637,3820,7629,1908,2487,1214,2360,3574,2400,2170,700,1458,468,62,9610,108.08121,0.475609756098,0.426829268293,4
SAS,1986,3647,7153,1921,2547,1098,2441,3539,2288,2147,778,1583,416,50,9266,3636,7356,1946,2519,1146,2284,3431,2276,2131,774,1504,462,85,9304,106.257555,0.463414634146,0.341463414634,3
SAS,1987,3564,7280,1791,2407,1177,2380,3557,2240,2022,793,1515,357,81,9001,3666,7337,1851,2427,1128,2382,3511,2322,1976,749,1468,458,102,9286,105.29744,0.384146341463,0.378048780488,3
SAS,1988,3619,7507,1735,2352,1234,2341,3575,2282,1960,762,1412,396,125,9098,3777,7494,1820,2377,1196,2487,3683,2422,1906,694,1422,500,131,9507,105.680375,0.359756097561,0.256097560976,2
SAS,1989,3587,7484,1710,2389,1239,2258,3497,2190,2072,850,1565,445,98,8983,3668,7413,1980,2552,1274,2487,3761,2266,1953,802,1577,541,164,9481,106.976765,0.317073170732,0.682926829268,6
SAS,1990,3428,7203,1769,2451,1229,2327,3556,2037,2003,880,1555,488,58,8685,3377,7119,1884,2441,1190,2351,3542,2014,1928,837,1574,480,201,8840,103.860825,0.469512195122,0.670731707317,6
SAS,1991,3398,6992,1885,2497,1147,2565,3712,2088,1875,734,1422,562,67,8750,3267,7189,1663,2178,1123,2255,3379,1947,1963,780,1340,426,224,8422,101.115735,0.676829268293,0.573170731707,5
SAS,1992,3393,7039,1767,2352,1180,2604,3784,2075,1847,699,1376,589,99,8653,3238,7193,1625,2124,1112,2316,3428,1905,1909,777,1256,450,230,8332,99.9774495,0.621951219512,0.59756097561,5
SAS,1993,3344,6926,1723,2296,1074,2547,3621,2011,1821,655,1267,561,177,8588,3250,7137,1585,2056,1092,2375,3467,1893,1904,704,1191,418,256,8342,98.337887,0.585365853659,0.670731707317,6
SAS,1994,3244,6725,1695,2248,1054,2569,3623,1954,1753,571,1212,482,242,8427,3178,7028,1466,1963,1085,2270,3356,1837,1894,643,1075,359,280,8102,95.220375,0.634146341463,0.756097560976,7
SAS,1995,3207,6687,1716,2319,1109,2629,3738,1907,1766,608,1222,453,341,8472,3117,6927,1420,1982,1053,2228,3281,1823,1927,632,1101,377,358,8012,94.69384,0.713414634146,0.719512195122,7
SAS,1996,3192,6644,1749,2374,983,2623,3606,1981,1845,650,1220,496,476,8609,3092,6920,1488,2061,1063,2388,3451,1863,2017,618,1219,418,433,8106,96.157528,0.737804878049,0.243902439024,2
SAS,1997,2987,6496,1524,2095,1019,2357,3376,1852,1792,645,1219,483,448,7947,3009,6622,1496,2038,1078,2387,3466,1902,1809,634,1218,438,496,8012,92.334221,0.481707317073,0.682926829268,6
SAS,1998,2862,6289,1437,2046,1042,2383,3426,1750,1747,581,1280,499,340,7502,2869,6517,1478,1999,1032,2269,3301,1755,1745,697,1112,413,445,7662,90.0798835,0.463414634146,0.74,7
SAS,1999,2319,4999,1238,1789,799,2111,2910,1470,1370,468,1038,459,237,6113,2184,5358,1126,1552,856,1821,2677,1248,1496,583,887,310,254,5748,90.8761555,0.711463414634,0.646341463415,6
SAS,2000,2346,5103,1320,1814,770,2125,2895,1460,1363,517,996,450,251,6263,2257,5421,1040,1437,841,1908,2749,1304,1520,541,955,336,262,5818,92.0601345,0.693170731707,0.707317073171,7
SAS,2001,2918,6328,1662,2277,914,2689,3603,1798,1633,591,1166,562,387,7886,2860,6775,1254,1695,976,2421,3398,1642,1919,622,1120,427,349,7324,92.1478305,0.676829268293,0.707317073171,7
SAS,2002,2898,6312,1670,2294,904,2639,3543,1710,1563,596,1116,556,441,7909,2860,6772,1258,1657,985,2430,3415,1580,1919,617,1094,426,358,7336,91.529552,0.707317073171,0.731707317073,7
SAS,2003,2910,6330,1629,2221,923,2561,3484,1639,1623,627,1196,533,443,7894,2872,6739,1308,1694,1016,2375,3391,1551,1903,650,1152,424,364,7417,91.876869,0.719512195122,0.69512195122,6
SAS,2004,2875,6365,1500,2131,983,2612,3596,1656,1669,645,1207,533,428,7678,2737,6545,1353,1790,969,2390,3359,1489,1875,650,1185,401,332,7160,91.1289065,0.713414634146,0.719512195122,7
SEA,1985,3368,6996,1847,2382,1041,2309,3351,2209,1929,642,1426,346,36,8620,3552,7239,1679,2190,1140,2391,3531,2249,2058,697,1356,423,66,8850,101.834345,0.44512195122,0.378048780488,3
SEA,1986,3306,6984,1796,2318,1082,2271,3353,2081,2071,697,1464,319,62,8470,3410,6958,1808,2351,1070,2343,3413,2129,2014,693,1425,432,68,8697,101.137375,0.378048780488,0.475609756098,4
SEA,1987,3464,7255,1881,2451,1259,2325,3584,2080,2196,725,1472,372,135,8944,3407,7051,2039,2655,1131,2293,3424,2030,2017,692,1404,407,75,8929,102.98109,0.426829268293,0.536585365854,5
SEA,1988,3568,7447,1887,2506,1343,2354,3697,2165,2302,740,1442,448,206,9230,3406,7063,2203,2905,1182,2292,3474,1993,1995,668,1437,416,111,9126,104.236025,0.506097560976,0.573170731707,5
SEA,1989,3554,7460,1800,2410,1355,2276,3631,2114,2203,819,1389,470,257,9165,3367,6932,2077,2740,1158,2279,3437,1961,1922,638,1543,418,149,8962,103.22164,0.55487804878,0.5,5
SEA,1990,3515,7360,1690,2273,1360,2246,3606,1978,2045,782,1369,414,262,8982,3347,6885,1953,2511,1097,2228,3325,1910,1838,652,1428,409,173,8821,100.876768,0.536585365854,0.5,5
SEA,1991,3483,7180,1607,2155,1272,2214,3486,1958,2018,781,1370,357,183,8756,3271,6721,1929,2496,1057,2176,3233,1856,1808,681,1394,426,192,8663,99.0091095,0.5,0.573170731707,5
SEA,1992,3440,7122,1690,2203,1252,2215,3467,1959,1962,818,1363,414,170,8740,3274,6801,1857,2459,1114,2188,3303,1841,1835,713,1402,462,208,8613,98.9641415,0.536585365854,0.670731707317,6
SEA,1993,3426,7134,1746,2261,1252,2255,3507,1891,1961,859,1295,428,211,8810,3203,6785,1797,2379,1098,2224,3322,1833,1851,676,1418,442,240,8443,98.6578445,0.621951219512,0.768292682927,7
SEA,1994,3405,7020,1744,2316,1185,2243,3428,2009,1942,998,1264,387,230,8785,3035,6583,1753,2336,1079,2205,3285,1821,1868,670,1591,413,299,8123,98.1622545,0.719512195122,0.69512195122,6
SEA,1995,3324,6821,1856,2469,1108,2285,3393,2113,1990,985,1278,378,366,8871,2968,6548,1804,2444,1074,2199,3273,1828,1954,669,1575,457,423,8163,97.9259415,0.731707317073,0.780487804878,7
SEA,1996,3192,6571,1893,2494,1011,2393,3404,2057,2017,899,1368,392,536,8813,2940,6595,1751,2411,1069,2231,3300,1812,2017,705,1501,442,526,8158,97.3862305,0.737804878049,0.69512195122,6
SEA,1997,3034,6408,1784,2359,982,2360,3342,1965,1885,893,1336,390,570,8423,2816,6406,1583,2175,1044,2255,3300,1763,1968,696,1526,407,573,7788,94.554592,0.737804878049,0.743902439024,7
SEA,1998,3023,6436,1623,2202,970,2248,3218,1958,1807,854,1188,382,590,8260,2827,6375,1481,2021,1078,2285,3363,1788,1875,637,1464,413,515,7651,92.311981,0.719512195122,0.5,5
SEA,1999,2404,5217,1221,1731,803,1823,2627,1536,1429,598,955,288,465,6494,2367,5258,1153,1594,896,1880,2776,1468,1494,519,1070,313,340,6227,92.111645,0.621951219512,0.548780487805,5
SEA,2000,2432,5461,1142,1657,859,1952,2811,1482,1411,525,959,273,427,6434,2485,5483,1100,1491,868,2028,2896,1525,1502,494,1002,328,352,6422,93.9241795,0.524390243902,0.536585365854,5
SEA,2001,3068,6797,1408,1973,1020,2452,3473,1835,1754,657,1177,377,506,8051,3104,6862,1348,1809,1065,2521,3586,1948,1828,619,1214,471,455,8011,94.4633295,0.542682926829,0.548780487805,5
SEA,2002,3080,6665,1358,1829,983,2377,3361,1859,1732,677,1143,386,477,7996,3021,6694,1357,1834,1068,2378,3447,1894,1722,608,1188,455,471,7871,92.1662025,0.542682926829,0.487804878049,4
SEA,2003,3009,6640,1294,1726,965,2359,3324,1850,1722,688,1055,329,472,7784,2918,6514,1356,1832,1014,2394,3408,1767,1649,534,1181,405,472,7665,90.5195465,0.518292682927,0.451219512195,4
SEA,2004,2913,6594,1344,1781,935,2351,3286,1778,1748,670,1077,341,589,7759,2925,6523,1460,1924,1003,2446,3449,1715,1664,564,1158,398,479,7790,90.8975525,0.469512195122,0.634146341463,6
TOR,1995,0,0,0,0,0,0,0,0,0,0,0,0,0,0,0,0,0,0,0,0,0,0,0,0,0,0,0,0,0,0,0,0
TOR,1996,3084,6598,1412,1953,1071,2213,3284,1927,1987,745,1544,493,414,7994,3146,6624,1799,2416,1098,2274,3372,1990,1739,766,1326,482,519,8610,95.766129,0.256097560976,0.365853658537,3
TOR,1997,2990,6615,1429,1980,1103,2233,3336,1820,1935,733,1445,505,501,7911,3058,6507,1722,2345,1065,2313,3378,1978,1769,720,1332,462,508,8347,94.49004,0.310975609756,0.19512195122,1
TOR,1998,2931,6722,1462,2034,1161,2201,3362,1730,1867,745,1359,590,480,7805,3121,6608,1624,2281,1151,2429,3580,2093,1773,706,1354,478,446,8313,94.4634475,0.280487804878,0.46,4
TOR,1999,2312,5376,1245,1695,949,1798,2747,1391,1495,604,1085,492,299,6169,2482,5340,1299,1828,942,1949,2891,1657,1418,591,1071,386,325,6590,93.590233,0.32756097561,0.548780487805,5
TOR,2000,2320,5411,1297,1699,905,1948,2853,1491,1564,552,968,432,325,6262,2348,5235,1313,1752,787,1972,2760,1442,1481,501,1011,350,300,6310,93.101288,0.504390243902,0.573170731707,5
TOR,2001,3014,6927,1532,2026,1108,2489,3597,1975,1867,632,1090,531,427,7987,3005,6670,1528,2013,943,2531,3475,1743,1833,559,1172,440,362,7901,94.193531,0.560975609756,0.512195121951,5
TOR,2002,2983,6849,1375,1850,1116,2432,3548,1891,1758,643,1076,486,408,7750,2914,6557,1469,1950,960,2473,3434,1662,1702,594,1143,411,378,7676,91.998306,0.542682926829,0.292682926829,2
TOR,2003,2883,6695,1309,1798,1068,2345,3414,1681,1766,648,1107,423,398,7473,2928,6491,1501,1987,985,2518,3504,1679,1657,616,1135,393,373,7732,90.9026065,0.40243902439,0.40243902439,4
TOR,2004,2750,6506,1293,1764,926,2387,3313,1578,1754,606,1098,396,435,7229,2879,6478,1513,2009,1005,2631,3636,1623,1660,597,1108,368,321,7593,90.130306,0.34756097561,0.40243902439,4
UTA,1985,3542,7272,1996,2571,1088,2538,3626,2186,1969,703,1542,650,102,9182,3638,7738,1804,2394,1409,2553,3962,2153,2135,776,1522,454,59,9140,107.348825,0.524390243902,0.512195121951,5
UTA,1986,3465,7192,1904,2564,1074,2516,3591,2171,1999,714,1546,681,69,8904,3501,7471,1853,2429,1284,2577,3861,2023,2148,779,1568,453,68,8923,106.4761,0.506097560976,0.536585365854,5
UTA,1987,3469,7298,1832,2541,1131,2467,3598,2219,2039,776,1460,647,87,8857,3408,7338,1935,2523,1259,2573,3832,1994,2106,735,1555,460,104,8856,105.712645,0.524390243902,0.573170731707,5
UTA,1988,3484,7303,1768,2396,1130,2504,3634,2323,2013,803,1442,627,134,8871,3310,7310,1939,2519,1293,2540,3834,2001,2002,744,1523,464,144,8704,104.666705,0.55487804878,0.621951219512,6
UTA,1989,3333,6843,1956,2573,1058,2580,3638,2257,1940,745,1506,605,121,8743,3193,7226,1835,2408,1248,2338,3587,1901,2049,775,1398,488,165,8386,101.89756,0.59756097561,0.670731707317,6
UTA,1990,3256,6594,1992,2613,1001,2554,3555,2160,1962,698,1471,537,170,8674,3138,7059,1815,2397,1160,2221,3381,1848,1998,757,1285,478,179,8271,99.434956,0.646341463415,0.658536585366,6
UTA,1991,3272,6565,1912,2478,910,2487,3397,2214,1913,664,1357,471,187,8643,3190,6980,1740,2271,1100,2244,3344,1871,1952,711,1247,430,189,8310,98.0851365,0.664634146341,0.670731707317,6
UTA,1992,3296,6701,1956,2481,982,2508,3490,2202,1771,683,1284,449,153,8702,3254,7094,1575,2073,1123,2266,3390,1891,1976,666,1229,433,219,8303,97.959423,0.664634146341,0.573170731707,5
UTA,1993,3357,6847,1934,2490,1069,2503,3572,2182,1855,730,1267,396,144,8793,3275,7074,1639,2199,1133,2284,3417,1926,1964,647,1248,463,253,8442,98.4993745,0.621951219512,0.646341463415,6
UTA,1994,3271,6778,1834,2435,1050,2424,3474,2178,1976,748,1230,354,154,8531,3115,6805,1758,2393,1110,2320,3430,1867,1946,620,1304,463,280,8269,97.205639,0.609756097561,0.731707317073,7
UTA,1995,3225,6534,1850,2431,966,2398,3365,2217,2016,754,1240,378,240,8540,2909,6461,1804,2460,1008,2226,3234,1759,1987,620,1335,444,417,8039,95.1792755,0.689024390244,0.670731707317,6
UTA,1996,3186,6378,1854,2392,933,2392,3326,2197,2045,712,1252,405,339,8565,2796,6228,1827,2449,926,2137,3063,1676,2018,616,1318,419,548,7967,93.358402,0.701219512195,0.780487804878,7
UTA,1997,3130,6317,1813,2359,941,2391,3332,2169,2013,707,1237,418,355,8429,2727,6181,1808,2408,946,2125,3071,1616,2014,611,1307,391,535,7798,92.1811905,0.725609756098,0.756097560976,7
UTA,1998,3062,6165,1951,2530,925,2407,3333,2134,1971,698,1259,415,291,8366,2757,6289,1763,2339,970,2056,3027,1641,2089,642,1243,398,461,7738,91.8873405,0.768292682927,0.74,7
UTA,1999,2338,4866,1601,2077,758,1956,2715,1637,1547,523,1037,344,194,6472,2200,5126,1333,1791,809,1653,2462,1297,1721,538,950,343,307,6041,90.792732,0.748048780488,0.670731707317,6
UTA,2000,2323,5000,1409,1830,745,1967,2713,1622,1573,513,1017,360,234,6290,2188,5051,1267,1720,761,1765,2526,1262,1666,509,1007,340,301,5944,90.891609,0.705365853659,0.646341463415,6
UTA,2001,2961,6334,1687,2215,939,2404,3344,2076,2060,645,1235,454,327,7936,2724,6158,1714,2266,880,2209,3090,1592,2015,643,1269,434,399,7561,91.555294,0.658536585366,0.536585365854,5
UTA,2002,2914,6331,1783,2355,1026,2366,3392,2055,2039,705,1270,493,302,7915,2722,6146,1804,2349,900,2193,3095,1574,2039,723,1298,498,437,7686,91.802124,0.591463414634,0.573170731707,5
UTA,2003,2881,6281,1801,2389,1065,2365,3430,2051,1904,728,1297,495,252,7816,2764,6281,1703,2225,969,2162,3132,1593,2010,735,1290,486,451,7682,91.543129,0.55487804878,0.512195121951,5
UTA,2004,2792,6180,1694,2273,1062,2326,3388,1887,1966,645,1279,480,238,7516,2646,6112,1750,2287,939,2125,3065,1564,1974,694,1234,479,426,7468,89.4888725,0.542682926829,0.317073170732,3
WAS,1997,0,0,0,0,0,0,0,0,0,0,0,0,0,0,0,0,0,0,0,0,0,0,0,0,0,0,0,0,0,0,0,0
WAS,1998,3080,6811,1489,2156,1121,2341,3462,1900,1839,689,1156,379,320,7969,2975,6540,1623,2172,1029,2468,3497,1725,1924,632,1328,372,348,7921,94.218674,0.512195121951,0.36,3
WAS,1999,2424,5390,1167,1677,858,1872,2730,1482,1495,541,946,286,249,6264,2340,5183,1333,1795,823,1992,2815,1402,1505,517,1060,292,283,6296,93.0112,0.436097560976,0.353658536585,3
WAS,2000,2389,5325,1205,1652,829,1920,2750,1417,1650,493,1028,286,257,6240,2355,5186,1417,1911,789,1967,2757,1436,1527,544,1009,357,304,6431,93.449257,0.356829268293,0.231707317073,2
WAS,2001,2921,6567,1635,2176,1040,2404,3444,1709,2031,612,1320,381,305,7783,3052,6571,1674,2246,946,2414,3361,1847,1969,687,1204,507,411,8191,94.418606,0.292682926829,0.451219512195,4
WAS,2002,2885,6558,1566,2055,1035,2381,3417,1681,1838,600,1160,368,290,7627,3026,6565,1477,1968,945,2393,3338,1860,1841,631,1121,462,427,7958,91.8328245,0.341463414634,0.451219512195,4
WAS,2003,2877,6529,1522,1971,986,2394,3380,1663,1703,595,1017,372,279,7555,2915,6520,1389,1820,954,2411,3366,1797,1757,593,1087,380,435,7654,89.940792,0.451219512195,0.30487804878,3
WAS,2004,2787,6475,1598,2144,1016,2393,3409,1574,1678,677,1203,398,343,7515,2969,6624,1413,1833,998,2483,3482,1871,1793,699,1190,396,436,7787,92.0291785,0.378048780488,0.548780487805,5
