Season,Player,player_pts,player_reb,player_asts,player_stl,player_blk,player_turnover,player_pf,player_fg,player_ft,player_tp,player_fgp,player_ftp,player_tpp
1987,ABDULKA01,1945.25,657.25,283.0,70.5,154.0,236.5,302.25,792.75,359.25,0.5,1.11693568806,1.51983526546,0.166666666667
1987,ACRESMA01,0.0,0.0,0.0,0.0,0.0,0.0,0.0,0.0,0.0,0.0,0.0,0.0,0.0
1987,ADAMSMI01,246.0,66.5,132.5,48.25,3.25,45.75,49.25,88.0,55.0,15.0,0.454471431876,0.756720430108,0.248366013072
1987,AGUIRMA01,2092.5,481.25,295.5,79.5,24.5,248.75,259.75,811.75,431.0,38.0,0.996104813685,1.50439060267,0.535840336134
1987,AINGEDA01,1258.25,306.25,500.5,134.75,12.75,176.25,266.75,507.0,170.25,74.0,0.999927733446,1.7310294689,0.808853806934
1987,ALARIMA01,261.5,109.5,37.5,12.0,15.0,30.0,73.5,113.0,34.5,1.0,0.544920993228,0.831683168317,0.111111111111
1987,ALFORST01,0.0,0.0,0.0,0.0,0.0,0.0,0.0,0.0,0.0,0.0,0.0,0.0,0.0
1987,ANDERCA01,0.0,0.0,0.0,0.0,0.0,0.0,0.0,0.0,0.0,0.0,0.0,0.0,0.0
1987,ANDERRI01,74.5,40.0,16.5,3.5,1.5,10.0,19.0,30.0,12.0,2.5,0.378896882494,0.879310344828,0.375
1987,BAILETH01,1257.25,516.5,138.25,45.5,106.75,148.0,185.5,516.5,224.0,0.25,0.889132808343,1.70695732215,0.25
1987,BATTLJO01,289.0,51.5,85.0,21.25,3.25,46.0,65.75,105.75,76.5,1.0,0.653807493513,1.19510819313,0.2
1987,BERRYWA01,1001.0,309.0,105.0,38.0,40.0,153.0,196.0,407.0,187.0,0.0,0.905177669696,1.14869458962,0.0
1987,BIRDLA01,2698.0,955.75,703.25,172.5,89.25,310.0,244.75,1021.25,561.5,94.0,0.999166772364,1.80952633536,0.755950610846
1987,BLABUW01,60.0,42.5,10.75,3.25,8.0,15.5,35.0,22.0,16.0,0.0,0.979766374635,0.491471215352,0.0
1987,BLACKRO01,1809.75,309.0,294.25,70.5,21.5,187.25,141.5,689.0,426.5,5.25,1.00161759742,1.75140329112,0.401149425287
1987,BOLMA01 ,9.75,14.0,0.25,0.75,9.75,1.0,6.75,4.5,0.75,0.0,0.347058823529,0.09375,0.0
1987,BREUERA01,635.0,390.0,66.75,52.5,89.5,103.5,242.0,252.25,130.5,0.0,1.00988916824,1.31635899292,0.0
1987,BRICKFR01,291.75,194.5,47.25,31.25,11.5,62.75,179.25,108.0,75.75,0.0,0.954874982848,1.48466086385,0.0
1987,BROWNMI01,129.0,107.0,12.0,10.5,3.5,30.0,65.0,53.0,23.0,0.0,0.26368159204,0.319444444444,0.0
1987,CAMPBTO01,317.25,113.75,27.0,28.5,3.0,56.0,89.75,137.25,41.75,1.0,0.874819016893,1.33132244468,0.555555555556
1987,CARLIRI01,111.25,40.75,51.75,10.0,1.0,30.5,44.5,46.5,15.75,2.5,0.51508485866,0.946131713555,0.15625
1987,CARRAN01,376.75,162.5,47.0,17.5,51.25,55.5,158.5,148.25,79.25,1.0,0.864764904501,1.12455122371,0.25
1987,CARROJO01,1373.75,494.5,160.5,78.25,110.0,197.25,217.75,544.5,284.75,0.0,0.578874236162,0.983603055327,0.0
1987,CARTWBI01,511.0,225.0,49.25,20.25,13.25,65.5,95.5,168.25,174.5,0.0,0.372594521168,0.54497716895,0.0
1987,CATLETE01,692.0,379.25,34.5,32.25,11.5,96.75,140.25,280.0,132.0,0.0,0.74325316594,0.868328153428,0.0
1987,CHAMBTO01,1856.0,570.0,223.75,77.75,55.0,264.5,319.0,654.25,512.75,34.75,0.689705408387,1.24554925307,0.498567636302
1987,COLTEST01,767.0,197.5,351.0,105.5,17.0,130.75,191.25,303.5,142.0,18.0,1.33317068665,1.96705283221,0.604992016048
1987,CONNELE01,196.0,77.0,103.0,46.25,3.5,38.25,39.75,74.25,46.0,1.5,0.206387362637,0.372685185185,0.121428571429
1987,COOPEMI01,995.0,311.75,495.5,106.75,54.75,160.5,251.5,368.25,165.75,92.75,0.948546492847,1.71925817104,0.796038549211
1987,COOPEWA01,834.75,588.5,83.5,26.5,167.25,113.5,308.5,349.25,135.5,0.75,0.891282269151,1.59024659929,0.107142857143
1987,CORZIDA01,707.5,506.5,182.75,35.25,75.0,120.25,191.0,292.25,122.25,0.75,1.01366147774,1.58736179111,0.0625
1987,CUMMIPA01,582.5,355.5,58.0,32.25,10.75,105.75,168.25,237.25,108.0,0.0,0.47322346146,0.72848526145,0.0
1987,CUMMITE01,1989.75,802.0,249.25,138.0,82.25,205.0,331.5,831.0,327.75,0.0,1.0148012493,1.40396449585,0.0
1987,CURRYDE01,162.5,39.0,29.0,13.5,2.0,22.0,43.5,69.5,15.0,8.5,0.213190184049,0.394736842105,0.141666666667
1987,DANTLAD01,2020.5,398.25,216.0,72.25,6.5,216.5,209.0,708.25,603.25,0.75,0.940609440323,1.38671476531,0.106060606061
1987,DAUGHBR01,626.5,323.5,152.0,24.5,31.5,124.0,124.0,243.5,139.5,0.0,0.269060773481,0.347880299252,0.0
1987,DAVISBR01,731.75,153.0,468.25,70.25,11.5,123.5,188.0,259.5,173.75,39.0,1.03137296705,1.68641472325,0.603421616386
1987,DAWKIJO01,417.5,84.5,145.0,33.5,1.5,60.0,59.0,167.0,76.5,7.0,0.218586387435,0.400523560209,0.148936170213
1987,DONALJA01,1070.0,1088.75,95.0,48.5,174.5,168.5,253.75,382.25,305.5,0.0,1.44900933119,1.87285034082,0.0
1987,DREXLCL01,1686.0,518.25,578.0,206.25,68.5,267.75,296.25,670.5,333.0,12.0,0.937596971729,1.56498531139,0.517503902078
1987,DUCKWKE01,359.0,227.0,29.5,23.0,21.5,81.0,199.0,133.0,93.0,0.0,0.933709273183,1.21054548685,0.0
1987,DUDLECH02,0.0,0.0,0.0,0.0,0.0,0.0,0.0,0.0,0.0,0.0,0.0,0.0,0.0
1987,DUMARJO01,767.75,126.0,315.75,65.0,5.75,140.25,164.0,301.5,158.0,6.75,0.787917234155,1.13047414088,0.616003787879
1987,DUNNTR01,377.75,352.75,167.25,134.25,19.25,49.25,211.5,158.0,61.75,0.0,0.786973090253,1.04641384024,0.0
1987,EATONMA01,720.25,796.75,114.0,40.5,389.0,167.75,301.75,281.25,157.75,0.0,0.87250603456,1.32276931362,0.0
1987,EDWARJA01,557.0,202.0,66.25,15.25,23.75,80.0,130.25,204.0,149.0,0.0,0.519851692114,0.747697460942,0.0
1987,EHLOCR01,188.75,99.0,61.25,27.5,17.0,40.5,53.75,69.25,47.0,3.25,0.812444233651,1.16014454894,0.169540229885
1987,ELLISDA01,1504.0,373.5,162.0,80.0,23.5,161.5,215.0,588.0,250.0,78.0,0.928871364057,1.54104214173,0.792926293213
1987,ENGLIAL01,2543.5,426.5,410.75,85.25,31.5,250.5,253.25,1034.75,471.5,2.5,1.01165058771,1.71048957687,0.233333333333
1987,EVANSMI01,876.5,135.5,216.25,78.25,10.75,130.75,175.25,350.25,118.5,57.5,0.841603577225,1.73151783965,0.589502095987
1987,EWINGPA01,927.5,390.25,77.5,58.0,99.25,157.5,171.75,361.5,204.5,0.0,0.370212286879,0.5412670289,0.0
1987,FARMEJI01,0.0,0.0,0.0,0.0,0.0,0.0,0.0,0.0,0.0,0.0,0.0,0.0,0.0
1987,FLOYDSL01,1629.5,273.75,763.0,154.75,24.25,292.75,217.75,570.0,426.25,63.25,0.735229538536,1.29234114188,0.579607466837
1987,FREEWO01,922.0,119.25,181.25,45.5,10.75,88.25,103.25,345.0,195.5,36.5,0.497145106579,0.995285503014,0.308109608827
1987,GILMOAR01,1182.25,668.0,135.75,41.5,119.75,204.0,261.0,423.0,336.25,0.0,0.914708573735,1.0175847104,0.0
1987,GRANTHO01,0.0,0.0,0.0,0.0,0.0,0.0,0.0,0.0,0.0,0.0,0.0,0.0,0.0
1987,GREENRI01,937.75,176.25,563.25,119.0,3.25,153.5,127.75,360.0,211.0,6.75,0.966458038057,1.71789255472,0.463028260306
1987,GREENSI02,679.0,563.75,74.0,41.5,38.5,138.0,202.25,264.25,150.5,0.0,0.960448075909,1.43396876815,0.0
1987,GUDMUPE01,25.0,16.0,1.5,1.5,2.0,5.25,12.0,9.0,7.0,0.0,0.283283283283,0.333333333333,0.0
1987,HANSEBO01,639.5,193.0,127.75,48.75,6.25,88.25,158.75,256.0,113.5,14.0,0.926758548832,1.50217362169,0.665158730159
1987,HANZLBI01,931.75,261.75,288.0,97.0,26.25,144.75,284.75,310.25,297.75,13.5,0.839012654171,1.46445858169,0.452947154472
1987,HARPEDE01,1126.25,219.5,536.0,168.5,27.75,145.0,200.75,455.0,166.75,49.5,1.01597540416,1.47482779835,0.661435973503
1987,HARPERO01,937.0,196.0,197.0,104.5,42.0,172.5,123.5,367.0,193.0,10.0,0.227385377943,0.34219858156,0.106382978723
1987,HASTISC01,154.0,111.25,25.0,15.5,11.75,30.25,86.0,53.75,44.5,2.0,0.919431873512,1.4189182465,0.333333333333
1987,HUBBAPH01,783.25,348.75,104.5,59.0,6.5,140.75,200.0,293.5,196.0,0.25,0.642263376968,0.846366481815,0.25
1987,HUGHEED01,0.0,0.0,0.0,0.0,0.0,0.0,0.0,0.0,0.0,0.0,0.0,0.0,0.0
1987,HUMPHJA01,875.75,237.25,539.0,116.25,8.75,188.75,230.25,342.25,186.75,4.5,0.630819753054,0.971102567037,0.177075351213
1987,IAVARMA01,512.0,358.25,125.25,43.0,33.5,131.25,278.5,193.0,126.0,0.0,1.30920471704,2.12798586394,0.0
1987,JACKSMA01,0.0,0.0,0.0,0.0,0.0,0.0,0.0,0.0,0.0,0.0,0.0,0.0,0.0
1987,JOHNSBU01,116.0,44.0,20.0,8.5,7.5,19.5,41.0,48.0,20.0,0.0,0.400497512438,0.344827586207,0.0
1987,JOHNSCL01,314.75,306.0,27.0,27.0,60.25,45.0,154.5,122.0,70.75,0.0,0.951064496481,1.32552835914,0.0
1987,JOHNSDE01,1529.0,362.25,714.5,120.5,45.0,237.5,274.5,602.0,315.25,9.75,0.906425864122,1.67335269643,0.310915898618
1987,JOHNSFR01,235.25,39.75,88.0,25.0,1.0,40.0,43.75,92.5,48.5,1.75,0.678974155209,1.47056878307,0.129901960784
1987,JOHNSMA01,1999.25,605.5,1191.75,155.75,33.0,350.25,197.25,717.75,554.25,9.5,1.06461492247,1.67104773746,0.343715220459
1987,JOHNSVI01,1306.25,281.0,339.5,90.5,21.0,138.75,200.5,556.0,190.5,3.75,0.931595126782,1.53969903912,0.227614977615
1987,JONESCA01,302.5,390.5,62.75,24.0,65.25,82.75,218.25,105.5,91.5,0.0,0.991902957263,1.33095172729,0.0
1987,JONESCH01,320.25,363.0,75.0,61.0,160.75,72.0,250.0,129.75,60.75,0.0,1.2754079183,1.37554860072,0.0
1987,JONESCH03,216.5,147.5,45.75,19.25,22.25,50.75,60.0,78.5,59.5,0.0,0.394285215429,0.539472728593,0.0
1987,JORDAMI01,2316.25,385.5,343.75,183.75,90.5,231.25,213.75,833.75,638.25,10.5,0.927617110286,1.72318716614,0.657094988345
1987,KERSEJE01,817.75,388.25,137.5,99.0,55.75,124.25,265.25,306.75,203.75,0.5,0.942596517365,1.62929799669,0.0217391304348
1987,KINGBE01,520.25,95.25,60.5,18.75,3.75,58.5,54.75,198.75,122.5,0.25,0.380197712239,0.565027805865,0.025
1987,KOFOEBA01,0.0,0.0,0.0,0.0,0.0,0.0,0.0,0.0,0.0,0.0,0.0,0.0,0.0
1987,KRYSTLA01,225.5,119.5,42.5,11.0,6.0,33.5,70.5,85.0,55.0,0.5,0.227882037534,0.371621621622,0.0416666666667
1987,LAIMBBI01,1478.5,1115.5,173.0,77.75,77.0,141.5,330.5,600.5,271.75,5.75,0.994774320059,1.57212210484,0.619841269841
1987,LEAVEAL01,499.5,73.5,242.75,58.5,9.5,83.25,134.25,177.0,124.75,20.75,0.790231754451,1.70248275599,0.543167696369
1987,LEVERLA01,1404.0,611.0,673.75,210.5,29.25,202.0,237.0,581.0,223.5,18.5,0.855564329008,1.46561999199,0.528869728669
1987,LEVINCL01,725.25,568.75,66.25,61.5,64.75,101.75,269.5,280.75,163.5,0.25,0.861304594303,1.28160914696,0.25
1987,LEWISRA02,0.0,0.0,0.0,0.0,0.0,0.0,0.0,0.0,0.0,0.0,0.0,0.0,0.0
1987,LEWISRE01,0.0,0.0,0.0,0.0,0.0,0.0,0.0,0.0,0.0,0.0,0.0,0.0,0.0
1987,LISTEAL01,920.0,729.75,122.25,47.25,183.0,184.75,332.75,366.25,187.5,0.0,0.996910693583,1.25310792276,0.0
1987,LOHAUBR01,0.0,0.0,0.0,0.0,0.0,0.0,0.0,0.0,0.0,0.0,0.0,0.0,0.0
1987,LUCASJO01,872.5,137.25,405.0,78.75,5.25,119.0,103.5,325.75,175.0,46.0,0.763305470537,1.35242341942,0.541520883987
1987,LUCASMA01,753.5,497.75,104.25,46.0,25.0,119.75,232.25,287.25,178.75,0.25,0.903279946219,1.53422169263,0.125
1987,MAHORRI01,490.5,518.25,67.75,44.0,72.5,106.0,288.5,194.5,101.5,0.0,0.953863984965,1.65109755441,0.0
1987,MALONJE01,1753.0,241.5,253.5,71.5,12.5,169.0,176.75,705.25,335.75,6.75,0.880977108591,1.78677969659,0.256457390649
1987,MALONKA01,1262.0,638.5,142.0,85.75,43.0,198.25,249.75,518.0,226.0,0.0,0.722164961687,0.886324786325,0.0
1987,MALONMO01,1901.5,941.25,123.5,67.25,101.5,247.5,184.25,623.75,654.0,0.0,0.788240792638,1.48763313405,0.0
1987,MARTIMO01,89.0,25.0,22.5,6.5,3.5,19.0,30.0,31.5,24.5,1.5,0.395785440613,0.609848484848,0.1
1987,MATTHWE01,459.25,78.25,271.0,54.25,13.0,125.5,110.5,189.25,78.75,2.0,0.981447532887,1.59179936588,0.237916666667
1987,MAXWECE01,1286.0,679.75,286.5,67.5,25.5,218.5,291.75,396.0,494.0,0.0,1.43749838822,2.13780921227,0.0
1987,MCCRARO01,1249.0,632.25,440.75,87.5,69.25,206.5,215.0,479.75,289.5,0.0,1.09945762322,1.51292179099,0.0
1987,MCDANXA01,1438.0,574.75,172.75,93.25,39.75,200.0,257.75,609.0,217.0,3.0,0.621123379341,0.823375991098,0.257142857143
1987,MCHALKE01,2207.5,885.0,219.0,42.0,186.75,229.0,296.25,858.5,490.5,0.0,1.16673177839,1.5832598035,0.0
1987,MCKEYDE01,0.0,0.0,0.0,0.0,0.0,0.0,0.0,0.0,0.0,0.0,0.0,0.0,0.0
1987,MCMILNA01,222.0,192.5,347.5,69.5,27.5,90.5,140.0,85.0,52.0,0.0,0.455283463723,0.662677304965,0.0
1987,MINNIDI01,620.25,173.75,416.25,88.75,7.25,186.0,219.25,261.75,83.25,13.5,0.984174531936,1.52033216637,0.370357914476
1987,MITCHMI01,1229.75,265.0,109.25,40.25,19.25,112.25,139.25,514.5,199.0,1.75,0.702068228619,1.15099681491,0.304347826087
1987,MOKESPA01,267.0,235.25,49.25,21.0,19.5,45.75,177.25,103.5,60.0,0.0,0.849688287533,1.5344341616,0.0
1987,MONCRSI01,1194.5,290.5,284.25,77.5,24.5,143.25,165.75,402.5,371.0,18.5,0.968475508947,1.65501711065,0.591596877911
1987,NANCELA01,1447.25,588.0,216.25,82.5,132.5,161.0,219.5,566.75,313.0,0.75,0.567585671774,0.738124640189,0.225
1987,NEALYED01,127.0,153.0,46.0,20.75,5.75,21.0,78.5,48.5,28.0,2.0,0.366477272727,0.50114416476,0.0645161290323
1987,NEVITCH01,70.0,67.0,6.5,6.5,31.25,21.0,62.25,25.5,19.0,0.0,0.752035611637,1.51602564103,0.0
1987,NEWMAJO01,146.5,35.0,13.5,10.0,3.5,23.0,33.5,56.5,33.0,0.5,0.205454545455,0.434210526316,0.0227272727273
1987,NIMPHKU01,969.5,522.0,102.5,44.25,139.25,148.75,362.5,381.75,206.0,0.0,1.4874176514,2.00080117027,0.0
1987,OAKLECH01,818.5,733.5,185.0,63.0,26.5,198.5,229.75,316.5,179.0,6.5,0.673237966722,1.07907758471,0.433333333333
1987,OLAJUHA01,2006.5,999.5,196.0,146.5,281.75,252.75,350.0,780.75,444.5,0.5,1.07920134109,1.31572705461,0.1
1987,ORRLO01 ,0.0,0.0,0.0,0.0,0.0,0.0,0.0,0.0,0.0,0.0,0.0,0.0,0.0
1987,PARISRO01,1722.0,1021.25,182.0,78.75,159.75,231.25,310.75,699.25,323.5,0.0,1.07512611065,1.47826281278,0.0
1987,PAXSOJI01,1043.25,172.5,269.5,91.5,8.5,113.75,145.75,410.25,202.0,20.75,0.88990019772,1.66505559962,0.41009309431
1987,PAXSOJO01,717.75,112.75,367.75,61.0,5.25,93.0,184.75,292.75,98.0,34.25,0.978934818846,1.70128802423,0.602614379085
1987,PERKISA01,1217.25,681.0,156.25,93.75,82.0,137.0,265.75,465.0,272.0,15.25,0.96413970469,1.55321330866,0.446759259259
1987,PETERJI01,698.0,465.5,100.5,39.25,75.75,124.0,251.0,284.75,128.5,0.0,1.12273998382,1.23716856061,0.0
1987,PIERCRI01,1311.25,247.5,156.5,69.0,18.25,120.0,239.75,492.0,324.75,2.5,1.01347707403,1.68704844546,0.148680124224
1987,PIPPESC01,0.0,0.0,0.0,0.0,0.0,0.0,0.0,0.0,0.0,0.0,0.0,0.0,0.0
1987,POLYNOL01,0.0,0.0,0.0,0.0,0.0,0.0,0.0,0.0,0.0,0.0,0.0,0.0,0.0
1987,PORTETE01,703.75,208.5,430.0,105.5,6.25,162.0,139.5,256.0,180.75,11.0,0.713835187929,1.19577457987,0.427380952381
1987,PRESSPA01,1202.75,413.0,606.25,152.25,63.75,252.75,277.0,434.0,320.75,14.0,0.97156955916,1.52387984761,0.507575757576
1987,PRICEMA01,232.0,58.5,101.0,21.5,2.0,52.5,37.5,86.5,47.5,11.5,0.204009433962,0.416666666667,0.164285714286
1987,RAMBIKU01,517.5,574.25,78.25,85.0,46.0,116.25,246.5,197.5,122.5,0.0,1.13829255121,1.53362278328,0.0
1987,RASMUBL01,443.0,283.25,40.0,15.0,34.75,53.75,140.75,170.0,103.0,0.0,0.682761330409,1.01573832671,0.0
1987,REIDRO01,1087.75,331.0,319.25,85.0,22.25,126.75,264.75,454.0,149.75,30.0,0.839018785,1.27327580091,0.319197607494
1987,REYNOJE01,259.25,109.25,76.5,38.25,20.5,55.0,61.0,90.25,75.5,3.25,0.577348167732,0.8464388872,0.291666666667
1987,ROBERAL01,1253.75,410.75,396.0,238.75,33.75,228.5,262.75,511.75,220.75,9.5,0.555084645101,0.970290382488,0.295291274817
1987,ROBERFR01,603.0,230.5,90.25,31.75,24.75,113.25,181.75,213.5,175.25,0.75,1.21432673344,1.97915531747,0.625
1987,RODMADE01,299.0,201.5,29.5,22.0,32.5,55.0,107.0,126.5,46.0,0.0,0.542648786894,0.574900793651,0.0
1987,ROTHSC01,0.0,0.0,0.0,0.0,0.0,0.0,0.0,0.0,0.0,0.0,0.0,0.0,0.0
1987,RUSSEWA01,99.25,37.5,81.25,14.25,3.5,40.0,40.25,40.5,17.0,1.25,0.32886002886,0.570747217806,0.3125
1987,SALLEJO01,262.0,184.0,32.5,23.5,71.0,44.0,158.0,98.0,66.0,0.0,0.531034482759,0.628446115288,0.0
1987,SANDEMI01,722.5,229.75,110.25,56.5,20.25,99.0,180.75,292.0,136.75,1.75,0.645635539342,0.983722978966,0.108823529412
1987,SCHAYDA01,591.75,372.25,78.0,27.75,65.25,92.75,251.75,195.5,200.75,0.0,1.09353784832,1.49564196739,0.0
1987,SCHOERU01,102.0,71.5,15.0,10.5,7.5,22.0,55.0,40.5,19.0,2.0,0.365413533835,0.690217391304,0.24358974359
1987,SCHREDE01,502.0,212.75,109.0,32.75,11.75,81.5,166.0,177.75,129.25,17.25,0.650669510228,0.941112331941,0.346273291925
1987,SCOTTBY01,1585.0,300.5,294.0,133.25,20.5,160.0,219.75,647.5,238.0,52.0,1.00603426919,1.66785822698,0.726842162765
1987,SELLEBR01,347.5,190.0,52.5,22.0,34.5,42.5,101.0,141.0,64.5,1.0,0.385617509119,0.864161849711,0.1
1987,SHORTPU01,1338.0,266.75,174.25,80.5,16.75,150.75,189.5,511.5,297.5,17.5,0.706781879135,1.293025451,0.272511004402
1987,SICHTJE01,604.75,114.0,233.0,50.0,1.5,81.25,143.0,265.25,66.5,7.75,0.850644636784,1.39742965368,0.37250952876
1987,SIKMAJA01,1277.0,843.75,259.5,95.25,91.0,182.5,325.0,473.75,329.0,0.5,0.712595658578,1.34215966743,0.05
1987,SMREKMI01,69.0,49.5,7.25,3.5,15.5,17.25,66.75,27.5,14.0,0.0,0.444262295082,0.791264367816,0.0
1987,SPARRRO01,698.25,142.25,473.25,75.0,8.75,146.0,175.5,299.25,91.25,8.5,0.465287744219,0.81400735887,0.249903993856
1987,STOCKJO01,644.75,160.5,625.5,166.5,13.25,172.0,238.5,228.25,181.5,6.75,1.04900994306,1.57707550827,0.820893141946
1987,STROEJO01,0.0,0.0,0.0,0.0,0.0,0.0,0.0,0.0,0.0,0.0,0.0,0.0,0.0
1987,SUNDVJO01,654.0,86.75,275.5,35.0,0.25,92.25,104.0,281.75,57.0,33.5,0.562027761615,1.07318149718,0.375899269987
1987,TARPLRO01,307.0,287.5,26.5,28.5,43.0,54.0,125.0,128.5,49.5,0.5,0.483466933868,0.695272353546,0.166666666667
1987,THOMAIS01,1929.5,369.75,997.0,192.5,25.0,352.0,298.25,724.75,450.25,29.75,0.93109855555,1.51717616199,0.489994171442
1987,THOMPMY01,1733.0,788.75,221.75,89.0,118.0,256.0,359.0,679.0,374.0,1.0,1.42823913725,2.08143325451,0.75
1987,THREASE01,916.5,172.0,370.75,123.75,18.75,144.75,260.75,384.75,138.75,8.25,1.32074648219,2.28553759411,0.383996212121
1987,TONEYSE01,40.0,12.5,13.0,3.0,0.0,11.0,12.0,14.0,10.5,1.5,0.287658669015,0.586021505376,0.15
1987,TRIPUKE01,1137.75,281.5,232.5,81.75,12.75,171.0,156.75,425.75,273.25,13.0,1.04783703722,1.81816970816,0.402692307692
1987,TUCKETR01,765.25,156.75,180.75,93.0,12.25,72.5,175.0,323.0,67.75,51.5,0.473946418334,0.776604785479,0.424511931305
1987,TURNEEL01,368.75,188.25,149.25,63.5,5.5,60.75,140.75,164.25,38.75,1.5,1.10449326256,1.12772858908,0.604166666667
1987,TURPIME01,685.75,349.0,39.25,32.25,68.5,95.75,163.5,292.25,101.25,0.0,0.652444370741,0.881036899803,0.0
1987,VANDEER01,128.0,14.5,11.75,3.0,1.75,10.75,13.75,50.25,26.75,0.75,0.547026840921,0.907925407925,0.160714285714
1987,VINCEJA01,1075.25,400.5,146.5,54.0,21.25,132.25,190.75,417.25,240.25,0.5,1.10882236851,2.28650083844,0.25
1987,VINCESA01,131.5,25.5,46.75,10.75,1.5,28.75,31.25,44.75,41.75,0.25,0.31163761801,0.695779220779,0.0625
1987,WAGNEMI01,0.0,0.0,0.0,0.0,0.0,0.0,0.0,0.0,0.0,0.0,0.0,0.0,0.0
1987,WALKEDA01,992.25,293.0,329.75,139.25,32.75,194.5,231.5,373.0,246.25,0.0,0.619269971355,1.00486921595,0.0
1987,WALKEKE01,355.0,169.0,37.5,24.5,24.5,37.5,118.0,142.5,70.0,0.0,0.245266781411,0.378378378378,0.0
1987,WASHBCH01,71.5,51.0,9.0,3.0,4.0,21.5,26.5,30.0,11.5,0.0,0.410837438424,0.593137254902,0.0
1987,WEBBSP01,308.5,72.5,203.0,41.5,2.5,86.25,81.75,100.25,107.0,1.0,0.706359964546,1.15663865546,0.128787878788
1987,WENNIBI01,135.0,103.75,19.25,9.25,12.0,26.25,73.75,49.5,35.75,0.25,0.663101604278,1.1064516129,0.25
1987,WILKIDO01,2477.5,589.25,250.75,137.0,55.75,247.0,178.0,915.75,619.25,26.75,0.774527936115,1.47626793535,0.46981548035
1987,WILKIGE01,1016.75,199.0,217.25,61.0,11.25,146.25,121.25,425.75,150.5,14.75,0.360057579017,0.489986774986,0.245675675676
1987,WILLIJO01,369.0,188.5,96.5,65.5,15.0,62.0,88.0,145.5,74.0,4.0,0.512477106227,0.608584240871,0.111111111111
1987,WILLIKE02,362.5,132.0,67.75,42.25,11.0,61.0,146.75,147.0,68.5,0.0,1.09671931799,1.47701357235,0.0
1987,WILSORI01,0.0,0.0,0.0,0.0,0.0,0.0,0.0,0.0,0.0,0.0,0.0,0.0,0.0
1987,WITTMRA01,926.25,137.75,235.75,51.25,15.5,96.0,112.5,413.75,95.0,3.75,0.924935975667,1.35406183822,0.316220238095
1987,WOODLE01,579.75,109.75,287.75,43.0,1.5,98.0,102.25,199.25,129.5,51.75,0.740725419036,1.6051911884,0.717667520729
1987,WORTHJA01,1907.5,548.25,266.5,118.5,94.25,206.25,245.75,795.0,317.25,0.25,1.14766611461,1.47729439169,0.125
1987,YOUNGDA01,347.5,95.25,276.75,72.75,3.75,69.5,75.25,133.75,57.0,23.0,0.607481725772,1.12775710869,0.420875384879
1987,ZEVENPH01,0.0,0.0,0.0,0.0,0.0,0.0,0.0,0.0,0.0,0.0,0.0,0.0,0.0
1987,ADAMSAL01,901.5,417.5,272.25,87.25,42.25,171.75,237.0,365.5,170.5,0.0,0.632225050555,1.01911184481,0.0
1987,ANDERRO01,589.5,236.75,107.5,45.75,6.25,77.0,106.0,246.5,95.25,1.25,0.965689454676,1.11775576758,0.243055555556
1987,ARLAUJO01,0.0,0.0,0.0,0.0,0.0,0.0,0.0,0.0,0.0,0.0,0.0,0.0,0.0
1987,ASKEWVI01,0.0,0.0,0.0,0.0,0.0,0.0,0.0,0.0,0.0,0.0,0.0,0.0,0.0
1987,BAGLEJO01,825.5,271.5,557.5,110.75,7.25,197.25,133.0,337.5,132.0,18.5,0.539043008567,0.975241343578,0.24014240155
1987,BAILEJA01,370.5,238.0,32.25,21.75,34.0,76.75,182.75,145.5,79.5,0.0,0.460052959761,0.724595253937,0.0
1987,BARKLCH01,1654.75,1044.0,311.5,141.0,114.75,336.75,320.25,600.25,437.5,16.75,1.14245444521,1.46711870662,0.445128205128
1987,BEDFOWI01,167.0,123.0,28.5,9.0,18.5,42.5,62.5,71.0,25.0,0.0,0.198324022346,0.290697674419,0.0
1987,BENJABE01,633.5,443.0,87.25,46.0,145.0,128.25,197.0,241.0,151.25,0.25,0.3469455307,0.54389653336,0.0833333333333
1987,BENSOKE01,419.0,302.75,63.75,49.25,38.75,56.25,179.25,177.75,62.25,1.25,0.705047197213,1.02276192076,0.267857142857
1987,BIRDSOT01,631.5,94.0,134.25,45.25,6.75,80.75,104.75,276.0,76.5,3.0,0.614163961039,0.778713676082,0.138528138528
1987,BLACKNA01,0.0,0.0,0.0,0.0,0.0,0.0,0.0,0.0,0.0,0.0,0.0,0.0,0.0
1987,BOGUEMU01,0.0,0.0,0.0,0.0,0.0,0.0,0.0,0.0,0.0,0.0,0.0,0.0,0.0
1987,BOLMA01,200.0,300.25,11.25,17.0,250.25,46.75,158.25,83.5,33.0,0.0,0.338051636613,0.457913918778,0.0
1987,BRADLDU01,260.5,111.0,107.25,101.0,10.0,52.5,131.5,98.0,47.75,16.75,0.80860877359,1.32308229927,0.394423076923
1987,BRANCAD01,76.0,31.5,10.5,9.0,1.5,14.5,24.5,26.0,24.0,0.0,0.345238095238,0.638888888889,0.0
1987,BROOKMI01,16.5,14.0,5.5,4.5,0.0,5.5,9.5,6.5,3.5,0.0,0.175675675676,0.35,0.0
1987,BURTTST01,49.25,7.0,5.0,5.25,1.0,8.25,19.0,18.0,13.25,0.0,0.0957446808511,0.172077922078,0.0
1987,CAGEMI01,891.0,663.25,98.5,75.25,50.0,132.25,195.5,333.5,224.0,0.0,0.515647271295,0.711759250925,0.0
1987,CHEEKMA01,1259.25,252.5,641.5,199.5,24.25,207.25,159.25,496.75,261.25,4.5,1.0664984331,1.67418154754,0.234162895928
1987,COLEMBE01,226.0,144.0,18.5,16.0,15.5,47.0,100.0,91.0,44.0,0.0,0.290734824281,0.363636363636,0.0
1987,COLEMNO01,0.0,0.0,0.0,0.0,0.0,0.0,0.0,0.0,0.0,0.0,0.0,0.0,0.0
1987,COMEGDA01,0.0,0.0,0.0,0.0,0.0,0.0,0.0,0.0,0.0,0.0,0.0,0.0,0.0
1987,COOKJE01,216.0,208.5,43.0,22.75,18.5,32.5,140.75,87.0,42.0,0.0,0.88850562705,1.47045473119,0.0
1987,CORBITY01,420.0,221.5,100.0,57.75,5.5,69.0,134.25,162.75,93.5,1.0,0.707968994725,1.27959960687,0.25
1987,CRITEWI01,0.0,0.0,0.0,0.0,0.0,0.0,0.0,0.0,0.0,0.0,0.0,0.0,0.0
1987,CURETEA01,882.0,700.5,180.25,64.5,81.5,148.25,310.25,374.25,133.5,0.0,1.21750552509,1.29138762093,0.0
1987,DAILEQU01,733.0,113.75,106.75,45.75,6.5,92.0,128.25,288.5,153.5,2.5,0.534620234543,0.9756804973,0.144047619048
1987,DAVISCH02,308.75,127.75,41.75,18.5,4.25,43.5,92.25,130.75,46.0,1.25,0.575453017167,1.21587504635,0.08125
1987,DAVISWA03,1400.5,181.5,296.75,77.25,3.25,180.25,140.75,580.25,224.25,15.75,0.490767377709,0.860971544448,0.263840155945
1987,DAWKIDA01,363.5,121.75,33.25,9.0,27.0,64.0,116.25,132.75,98.0,0.0,0.901322536838,1.06296170662,0.0
1987,DAYEDA01,619.0,259.75,173.25,55.0,16.0,126.75,190.5,241.25,136.0,0.5,1.26870300752,1.41132073393,0.119047619048
1987,DONOVBI01,0.0,0.0,0.0,0.0,0.0,0.0,0.0,0.0,0.0,0.0,0.0,0.0,0.0
1987,DREILGR01,21.0,21.5,3.5,1.0,1.0,3.5,21.0,8.0,5.0,0.0,0.216216216216,0.416666666667,0.0
1987,DREWLA01,869.5,124.0,372.0,71.0,3.5,153.5,124.25,359.25,140.5,10.5,0.602229936292,1.06588607102,0.309811827957
1987,EDWARFR01,201.0,30.0,88.75,29.0,1.0,47.0,27.75,79.0,42.75,0.25,0.390506833937,0.773602570167,0.0277777777778
1987,ENGLECH01,69.0,72.5,8.0,6.0,13.5,13.0,36.0,27.25,14.5,0.0,1.44292971221,1.98611111111,0.0
1987,FEITLDA01,115.5,59.0,11.0,4.5,2.0,19.0,41.5,44.0,27.5,0.0,0.217821782178,0.87323943662,0.0
1987,FIELDKE01,589.75,226.75,92.75,49.0,17.25,84.25,192.25,240.5,105.5,3.25,1.19900550057,1.38307552182,0.333333333333
1987,FLEMIVE01,1080.0,357.25,436.5,114.0,12.75,189.75,234.0,408.75,261.25,1.25,0.678883907085,1.15537410464,0.141666666667
1987,FRANKTE01,0.0,0.0,0.0,0.0,0.0,0.0,0.0,0.0,0.0,0.0,0.0,0.0,0.0
1987,GAMBLKE01,0.0,0.0,0.0,0.0,0.0,0.0,0.0,0.0,0.0,0.0,0.0,0.0,0.0
1987,GARLAWI01,0.0,0.0,0.0,0.0,0.0,0.0,0.0,0.0,0.0,0.0,0.0,0.0,0.0
1987,GILLIAR01,0.0,0.0,0.0,0.0,0.0,0.0,0.0,0.0,0.0,0.0,0.0,0.0,0.0
1987,GMINSMI01,1206.75,652.5,124.5,51.25,77.0,138.25,158.0,442.75,321.25,0.0,0.703487176476,1.34736201012,0.0
1987,GORDOLA01,405.75,95.25,106.5,47.0,10.5,83.75,91.0,170.5,55.5,9.25,0.39277400746,0.758089419979,0.263888888889
1987,GRAYST01,120.25,128.25,20.5,9.25,20.25,38.75,92.0,42.75,34.75,0.0,0.423078992682,0.937970908716,0.0
1987,GREENAC01,556.25,402.75,55.5,47.25,52.25,75.75,142.75,210.25,135.5,0.25,0.403830195472,0.542765532764,0.0416666666667
1987,GREENDA01,702.25,633.5,162.5,55.5,44.5,126.5,229.75,262.25,176.25,1.5,0.762887054569,1.15113441529,0.25
1987,GREGOCL01,0.5,0.5,0.0,0.25,0.0,0.5,0.25,0.25,0.0,0.0,0.125,0.0,0.0
1987,GRIFFDA01,1089.75,212.75,135.5,87.75,24.25,141.5,135.75,443.5,140.0,62.75,0.635814326481,1.08104420066,0.547271941202
1987,HARRIST01,396.75,105.25,65.5,26.25,9.75,47.5,77.5,162.75,71.0,0.25,0.626767048026,1.17507122507,0.05
1987,HENDEDA01,0.0,0.0,0.0,0.0,0.0,0.0,0.0,0.0,0.0,0.0,0.0,0.0,0.0
1987,HENDEGE01,1338.25,269.25,732.5,170.5,16.25,275.75,314.5,513.25,286.0,25.75,0.930183007956,1.69578171076,0.397503989609
1987,HENDEKE01,4.0,1.5,5.5,0.5,0.0,2.0,4.5,1.5,1.0,0.0,0.1875,0.5,0.0
1987,HENRYCO01,133.0,37.0,35.0,9.0,1.0,28.0,35.5,50.0,19.5,13.5,0.724795787688,1.20893246187,0.493764837313
1987,HIGGIRO01,463.0,191.25,84.25,35.25,22.25,57.75,129.75,165.25,127.5,5.0,0.998061649328,1.62280092593,0.746080639463
1987,HINSORO01,1291.0,571.75,74.75,53.5,159.0,167.25,310.75,490.0,311.0,0.0,0.930963316277,1.21802768606,0.0
1987,HODGECR01,930.5,166.25,296.75,96.0,6.0,130.0,225.5,363.75,123.5,79.5,0.956615993068,1.72052250726,0.689535177002
1987,HOLTOMI01,343.0,68.5,113.5,35.25,2.5,64.75,84.25,137.75,60.0,7.5,0.593965436946,1.08704214311,0.275785024155
1987,HOPPEDA01,0.0,0.0,0.0,0.0,0.0,0.0,0.0,0.0,0.0,0.0,0.0,0.0,0.0
1987,HOPSODE01,0.0,0.0,0.0,0.0,0.0,0.0,0.0,0.0,0.0,0.0,0.0,0.0,0.0
1987,HORNAJE01,212.0,92.0,180.5,35.0,2.5,76.5,65.0,79.5,47.0,6.0,0.227142857143,0.388429752066,0.139534883721
1987,JACKSMI02,0.0,0.0,0.0,0.0,0.0,0.0,0.0,0.0,0.0,0.0,0.0,0.0,0.0
1987,JOHNSED03,1623.5,388.25,248.25,56.0,19.5,187.0,229.25,657.0,286.75,22.75,0.5822112084,1.0587285464,0.266964846202
1987,JOHNSKA01,0.0,0.0,0.0,0.0,0.0,0.0,0.0,0.0,0.0,0.0,0.0,0.0,0.0
1987,JOHNSKE01,0.0,0.0,0.0,0.0,0.0,0.0,0.0,0.0,0.0,0.0,0.0,0.0,0.0
1987,JOHNSST01,1143.25,530.5,119.25,45.75,70.75,230.0,321.0,423.5,296.25,0.0,0.956194445478,1.37972542921,0.0
1987,KINGAL01,713.75,247.25,115.0,44.0,23.0,116.75,174.5,299.5,106.75,8.0,0.679634255342,1.23806887078,0.55910326087
1987,KITEGR01,120.0,170.5,27.5,11.75,37.5,37.0,145.0,46.75,26.5,0.0,0.85495962371,0.940961176981,0.0
1987,KLEINJO01,418.25,338.25,47.25,23.75,23.75,72.25,164.5,169.25,79.75,0.0,0.448160356069,0.78195970696,0.0
1987,KONCAJO01,425.5,384.25,32.0,38.25,59.75,75.5,223.75,157.25,111.0,0.0,0.756663177074,0.995280451479,0.0
1987,LAMPJE01,307.75,100.25,60.25,19.75,2.0,35.0,79.0,124.25,55.5,3.75,0.453986818655,0.626388917266,0.258182503771
1987,LONGJO01,1059.0,188.0,189.75,82.75,11.25,121.5,155.0,439.25,168.25,12.25,0.819722946167,1.79758833646,0.417832711443
1987,MANNIPA01,127.25,47.5,44.0,21.25,4.5,28.0,38.5,47.5,28.75,3.5,0.468687564507,0.83415432331,0.214285714286
1987,MARTIBI01,95.5,29.0,13.0,7.25,2.75,18.0,29.5,40.25,15.0,0.0,0.299966442953,0.650462962963,0.0
1987,MCCORTI01,882.25,521.25,100.25,27.75,48.25,136.0,251.0,332.0,218.0,0.25,0.803973031969,1.21658476673,0.125
1987,MCDONBE01,192.75,104.0,48.75,16.25,4.25,24.0,111.0,89.5,13.25,0.5,0.393921978405,0.472039473684,0.0625
1987,MCGEEMI01,799.25,176.0,124.0,57.25,4.75,95.75,158.25,326.75,83.75,62.0,0.85301311256,1.02552735054,0.564277712321
1987,MCKENKE01,285.25,59.75,66.75,41.75,5.75,39.0,99.75,107.0,37.25,34.0,0.432676407388,0.806456548348,0.393493603171
1987,MCNAMMA01,74.5,55.5,4.0,4.0,4.0,13.5,22.0,27.5,19.5,0.0,1.15226860254,0.568924602562,0.0
1987,MCNEACH01,156.75,164.25,33.25,27.5,11.0,40.75,90.0,61.5,33.75,0.0,0.367337833644,0.489893617021,0.0
1987,MILLERE01,0.0,0.0,0.0,0.0,0.0,0.0,0.0,0.0,0.0,0.0,0.0,0.0,0.0
1987,MOOREAN01,0.0,0.0,0.0,0.0,0.0,0.0,0.0,0.0,0.0,0.0,0.0,0.0,0.0
1987,MOOREJO01,605.75,173.5,402.5,118.75,8.0,134.25,134.0,246.75,93.75,18.5,0.574770974121,0.925079299716,0.338253104218
1987,MOORERO01,0.0,0.0,0.0,0.0,0.0,0.0,0.0,0.0,0.0,0.0,0.0,0.0,0.0
1987,MULLICH01,869.5,126.75,168.25,71.0,24.75,103.75,156.5,334.75,187.75,12.25,0.622730116796,1.01151033641,0.57208994709
1987,MURPHJA01,52.75,33.5,4.25,2.75,2.25,6.25,18.75,21.5,9.75,0.0,0.344166666667,0.584821428571,0.0
1987,MURPHRO01,0.0,0.0,0.0,0.0,0.0,0.0,0.0,0.0,0.0,0.0,0.0,0.0,0.0
1987,MURPHTO01,0.0,0.0,0.0,0.0,0.0,0.0,0.0,0.0,0.0,0.0,0.0,0.0,0.0
1987,MYERSPE01,33.0,8.5,10.5,7.0,1.0,5.0,12.5,9.5,14.0,0.0,0.182692307692,0.325581395349,0.0
1987,NATTCA01,892.0,308.5,122.75,36.25,13.5,93.75,97.25,339.75,211.75,0.75,0.7163316772,1.29558892756,0.208333333333
1987,NESSLMA01,0.0,0.0,0.0,0.0,0.0,0.0,0.0,0.0,0.0,0.0,0.0,0.0,0.0
1987,NORMAKE01,0.0,0.0,0.0,0.0,0.0,0.0,0.0,0.0,0.0,0.0,0.0,0.0,0.0
1987,OKORMI01,215.0,85.25,63.0,16.75,6.5,30.25,70.0,97.5,16.25,3.75,0.581743002545,0.304152315346,0.160052910053
1987,OLDHAJA01,239.75,231.0,27.25,22.25,102.5,63.0,145.25,101.25,37.25,0.0,0.565832037783,0.587534220166,0.0
1987,ORRLO01,700.25,291.75,133.25,63.75,22.25,99.0,154.5,258.5,182.5,0.75,0.446113563314,0.755523042922,0.125
1987,PERSOCH01,824.5,355.0,157.5,47.5,9.0,113.0,162.0,336.5,126.0,25.5,0.490556462206,0.758352758353,0.302536231884
1987,PHELPMI01,160.75,47.25,49.75,21.75,1.25,31.5,51.5,66.75,26.5,0.75,0.315340909091,0.500921375921,0.0708333333333
1987,PINCKED01,588.75,367.0,80.5,60.75,36.25,104.5,145.5,208.75,171.25,0.0,0.431247220742,0.537559960177,0.0
1987,PRESSHA01,155.0,88.0,60.0,20.0,10.5,31.5,48.0,67.0,17.5,3.5,0.211356466877,0.364583333333,0.125
1987,RELLFRI01,0.0,0.0,0.0,0.0,0.0,0.0,0.0,0.0,0.0,0.0,0.0,0.0,0.0
1987,RIVERDO01,923.0,243.5,624.75,156.25,31.5,187.75,252.25,309.5,298.25,5.75,0.46324369952,0.758235979904,0.199404761905
1987,ROBINCL01,1101.25,499.75,136.5,85.25,42.5,161.75,191.75,456.0,188.75,0.5,0.949260545318,1.49547439098,0.208333333333
1987,ROGERJO01,94.5,38.5,13.0,4.5,4.0,10.0,33.0,45.0,4.5,0.0,0.243243243243,0.3,0.0
1987,ROLLITR01,416.0,469.0,34.25,39.75,153.5,73.25,233.0,175.25,65.5,0.0,0.534970850342,0.733843159066,0.0
1987,ROWSOBR01,0.0,0.0,0.0,0.0,0.0,0.0,0.0,0.0,0.0,0.0,0.0,0.0,0.0
1987,SAMPSRA01,1380.25,737.5,219.0,74.0,120.0,253.25,287.0,570.0,238.75,1.5,0.986075790506,1.35905200769,0.783333333333
1987,SCURRCA01,279.0,170.5,50.5,49.25,47.0,53.5,112.75,104.0,68.25,2.75,0.694200780859,0.844793887704,0.415584415584
1987,SKILESC01,24.5,13.0,22.5,2.5,0.5,10.5,9.0,9.0,5.0,1.5,0.145161290323,0.416666666667,0.107142857143
1987,SMITHDE01,938.0,208.0,163.75,44.5,27.75,128.75,180.0,364.5,203.5,5.5,0.495517558174,0.761382623225,0.300837320574
1987,SMITHKE01,0.0,0.0,0.0,0.0,0.0,0.0,0.0,0.0,0.0,0.0,0.0,0.0,0.0
1987,SMITHLA01,811.75,958.25,103.75,76.5,57.0,148.25,309.75,340.0,131.75,0.0,0.804977779963,0.915683902245,0.0
1987,SMITHOT01,44.0,19.5,13.0,0.5,1.5,11.5,15.5,17.5,9.0,0.0,0.37552742616,0.619047619048,0.0
1987,STIPAST01,1114.0,659.25,192.75,91.0,86.25,149.5,290.5,409.0,294.75,1.25,0.763974635503,1.15202166021,0.197727272727
1987,TEAGLTE01,911.75,177.75,94.75,62.25,18.0,107.0,186.75,369.25,171.25,2.0,0.977976945916,1.33982519191,0.29
1987,THEUSRE01,1522.25,278.5,711.75,91.5,18.0,306.5,226.5,554.75,401.5,11.25,0.575494313353,1.0432282603,0.184726238674
1987,THOMPBE01,234.5,70.5,55.5,26.0,7.75,39.25,84.25,89.5,55.5,0.0,0.415340828486,1.05249667904,0.0
1987,THOMPBI01,173.0,88.5,31.0,9.5,15.0,30.5,75.0,74.0,25.0,0.0,0.544757924068,0.824324324324,0.0
1987,THOMPLA01,960.5,758.25,136.0,77.25,123.75,169.0,302.75,378.75,203.0,0.0,0.588770862765,0.877590528965,0.0
1987,THORNBO01,119.5,100.5,14.75,9.5,3.25,32.75,76.25,45.75,28.0,0.0,0.330469005338,0.457716049383,0.0
1987,THORPOT01,1225.0,656.5,149.25,40.25,48.0,172.25,269.25,459.25,306.5,0.0,0.624541901188,0.815988378241,0.0
1987,TISDAWA01,910.5,391.5,82.75,33.5,24.0,119.0,227.5,367.5,175.5,0.0,0.691920585272,0.807944470988,0.0
1987,TOLBERA01,0.0,0.0,0.0,0.0,0.0,0.0,0.0,0.0,0.0,0.0,0.0,0.0,0.0
1987,TONEYAN01,660.75,100.5,217.75,29.75,12.25,134.25,113.25,241.0,156.5,22.25,0.735304029875,1.40006950138,0.364179104478
1987,TURNEAN01,2.0,1.0,0.5,0.0,0.0,2.5,0.5,1.0,0.0,0.0,0.2,0.0,0.0
1987,TYLERTE01,818.0,360.0,77.5,57.75,90.25,84.0,168.75,356.5,104.5,0.5,0.657269140357,1.18097204347,0.166666666667
1987,VALENDA01,837.75,196.5,491.5,133.75,7.25,194.75,189.75,309.0,211.25,8.5,0.755433454834,1.39952778219,0.339015151515
1987,VANDEKI01,1955.5,236.5,183.25,48.75,18.25,142.75,137.75,738.25,456.5,22.5,0.529855809706,0.884174461815,0.355324074074
1987,VRANEDA01,255.25,253.75,70.0,52.25,34.5,57.25,182.5,108.75,37.0,0.75,0.444756659142,0.495223097113,0.1625
1987,WADEMA01,0.0,0.0,0.0,0.0,0.0,0.0,0.0,0.0,0.0,0.0,0.0,0.0,0.0
1987,WAITEGR01,101.0,94.75,20.5,10.25,30.25,24.75,77.0,45.5,10.0,0.0,0.553086344894,0.464444444444,0.0
1987,WALLEJA01,0.0,0.0,0.0,0.0,0.0,0.0,0.0,0.0,0.0,0.0,0.0,0.0,0.0
1987,WASHIDU01,0.0,0.0,0.0,0.0,0.0,0.0,0.0,0.0,0.0,0.0,0.0,0.0,0.0
1987,WASHIDW01,308.0,64.5,150.5,46.0,3.5,87.5,92.0,128.5,49.0,2.0,0.238847583643,0.392,0.0833333333333
1987,WASHIKE01,0.0,0.0,0.0,0.0,0.0,0.0,0.0,0.0,0.0,0.0,0.0,0.0,0.0
1987,WELPCH01,0.0,0.0,0.0,0.0,0.0,0.0,0.0,0.0,0.0,0.0,0.0,0.0,0.0
1987,WESTMA01,453.0,380.0,34.0,24.75,80.5,106.5,276.5,186.5,80.0,0.0,0.83049967317,0.982444848376,0.0
1987,WHATLEN01,416.75,130.75,305.75,66.0,8.0,114.0,127.25,167.0,82.5,0.25,0.915505661778,0.930683076613,0.0277777777778
1987,WHEELCL01,0.0,0.0,0.0,0.0,0.0,0.0,0.0,0.0,0.0,0.0,0.0,0.0,0.0
1987,WHITEER01,0.0,0.0,0.0,0.0,0.0,0.0,0.0,0.0,0.0,0.0,0.0,0.0,0.0
1987,WHITEJE01,532.0,375.5,31.5,24.75,22.5,76.75,223.0,214.75,102.5,0.0,0.626155923587,0.899941378233,0.0
1987,WHITETO01,0.0,0.0,0.0,0.0,0.0,0.0,0.0,0.0,0.0,0.0,0.0,0.0,0.0
1987,WILLIBU01,1468.0,1025.0,139.75,75.25,98.5,263.5,311.0,541.5,384.75,0.25,0.885060560016,1.06652223674,0.0625
1987,WILLIHE01,1305.0,617.5,197.0,55.5,126.5,196.75,249.0,536.0,232.5,0.5,0.775911469096,0.985724252963,0.0486111111111
1987,WILLIHO01,584.0,314.5,77.0,29.0,83.5,69.5,98.5,217.5,149.0,0.0,0.242474916388,0.3725,0.0
1987,WILLIKE01,1095.75,731.0,51.25,56.75,53.75,156.75,286.5,454.25,186.25,1.0,0.514023609402,0.682550239743,0.180555555556
1987,WILLIRE01,0.0,0.0,0.0,0.0,0.0,0.0,0.0,0.0,0.0,0.0,0.0,0.0,0.0
1987,WILSONI01,0.0,0.0,0.0,0.0,0.0,0.0,0.0,0.0,0.0,0.0,0.0,0.0,0.0
1987,WILSORI02,0.0,0.0,0.0,0.0,0.0,0.0,0.0,0.0,0.0,0.0,0.0,0.0,0.0
1987,WINGADA01,360.5,84.0,82.0,49.0,10.0,68.5,90.0,137.0,79.0,7.5,0.417818981772,0.692075337598,0.625
1987,WINSLRI01,0.0,0.0,0.0,0.0,0.0,0.0,0.0,0.0,0.0,0.0,0.0,0.0,0.0
1987,WOLFJO01,0.0,0.0,0.0,0.0,0.0,0.0,0.0,0.0,0.0,0.0,0.0,0.0,0.0
1987,WOODSMI01,1293.25,189.75,184.25,103.25,24.75,157.75,211.5,512.5,249.5,18.75,0.573718361442,1.073135664,0.236196730099
1987,WOOLROR01,1615.5,386.5,220.5,56.0,64.75,198.5,222.0,597.5,419.0,1.5,0.748774671325,1.19263587812,0.10597826087
1987,WRIGHBR01,26.0,26.5,0.5,1.5,3.0,6.5,10.0,10.0,6.0,0.0,0.217391304348,0.214285714286,0.0
